slug,template_auto,domain-russia
50pribyli,template_4,50pribyli.ru
50pribylirenta,template_2,50pribylirenta.ru
aktivvportfel,template_5,aktivvportfel.ru
aktivyfondagoldex,template_5,aktivyfondagoldex.ru
aktivynabalanse,template_1,aktivynabalanse.ru
aktivzashchity,template_1,aktivzashchity.ru
alternativadepozitu,template_4,alternativadepozitu.ru
alternativadlyakapitala,template_3,alternativadlyakapitala.ru
alternativadlyakvala,template_1,alternativadlyakvala.ru
alternativaetf,template_4,alternativaetf.ru
alternativanedvizhimosti,template_6,alternativanedvizhimosti.ru
alternativaobligaciyam,template_3,alternativaobligaciyam.ru
alternativapristavke,template_5,alternativapristavke.ru
alternativaslitkam,template_1,alternativaslitkam.ru
alternativavkladugoldex,template_6,alternativavkladugoldex.ru
alternativazolotu,template_4,alternativazolotu.ru
antiinflyacionnayastrategiya,template_2,antiinflyacionnayastrategiya.ru
antiinflyacionnyaktiv,template_4,antiinflyacionnyaktiv.ru
antiinflyaciya,template_6,antiinflyaciya.ru
antyinflyacionnoezoloto,template_3,antyinflyacionnoezoloto.ru
arendairenta,template_5,arendairenta.ru
balansfonda,template_3,balansfonda.ru
balansportfelya,template_5,balansportfelya.ru
bankovskiprodukt,template_3,bankovskiprodukt.ru
bankovskiyvklad,template_1,bankovskiyvklad.ru
bazovyerynki,template_2,bazovyerynki.ru
bezdepozitnoylogiki,template_1,bezdepozitnoylogiki.ru
bezprolongacii,template_1,bezprolongacii.ru
bezzkladnoylogiki,template_1,bezzkladnoylogiki.ru
birzhevoezoloto,template_1,birzhevoezoloto.ru
birzhevoyprodukt,template_3,birzhevoyprodukt.ru
birzhevoyvyhod,template_4,birzhevoyvyhod.ru
biznesmodelgoldex,template_5,biznesmodelgoldex.ru
bolshechembank,template_4,bolshechembank.ru
bolshechemdepozit,template_4,bolshechemdepozit.ru
bolshechemrynok,template_6,bolshechemrynok.ru
bolshechemstavka,template_2,bolshechemstavka.ru
bolshechemvklad,template_3,bolshechemvklad.ru
bolshedohoda,template_4,bolshedohoda.ru
bolshevkladastrateg,template_5,bolshevkladastrateg.ru
bolshieinvesticii,template_5,bolshieinvesticii.ru
bolshoykapital,template_6,bolshoykapital.ru
cashflowgoldex,template_2,cashflowgoldex.ru
cashflowinvestora,template_5,cashflowinvestora.ru
chastichnyvykup,template_5,chastichnyvykup.ru
chastnyinvestor,template_4,chastnyinvestor.ru
chastnykapital,template_2,chastnykapital.ru
chemzamenitvklad,template_3,chemzamenitvklad.ru
chtokupitvmesto,template_6,chtokupitvmesto.ru
chtonuzhnodlyakvala,template_2,chtonuzhnodlyakvala.ru
chtovmestovklada,template_6,chtovmestovklada.ru
chtovybratgoldex,template_5,chtovybratgoldex.ru
denegivmestovklada,template_6,denegivmestovklada.ru
denezhnyipotok,template_1,denezhnyipotok.ru
denezhnyipotokfonda,template_6,denezhnyipotokfonda.ru
denezhnyypotokkv,template_2,denezhnyypotokkv.ru
dengiotobescenivaniya,template_4,dengiotobescenivaniya.ru
dengipokvartalno,template_4,dengipokvartalno.ru
dengiposlevklada,template_5,dengiposlevklada.ru
dengipristavke,template_6,dengipristavke.ru
depozitbezbanki,template_6,depozitbezbanki.ru
depozitdrugoyformat,template_4,depozitdrugoyformat.ru
depozitilikapital,template_5,depozitilikapital.ru
depozititalternativa,template_4,depozititalternativa.ru
depozitnayamodel,template_2,depozitnayamodel.ru
depozitovoyalternative,template_1,depozitovoyalternative.ru
depozitunazamenu,template_1,depozitunazamenu.ru
depozitunazmenu,template_4,depozitunazmenu.ru
devvalrisk,template_6,devvalrisk.ru
dohodbezruchnogo,template_3,dohodbezruchnogo.ru
dohodbezugolov,template_1,dohodbezugolov.ru
dohodcherezopcion,template_2,dohodcherezopcion.ru
dohodcherezvykup,template_3,dohodcherezvykup.ru
dohoddlyainvestora,template_6,dohoddlyainvestora.ru
dohoddlyakvala,template_6,dohoddlyakvala.ru
dohodfondagoldex,template_5,dohodfondagoldex.ru
dohodgoldex,template_6,dohodgoldex.ru
dohodikapital,template_6,dohodikapital.ru
dohodinvestora,template_2,dohodinvestora.ru
dohodivyhod,template_1,dohodivyhod.ru
dohodizashchita,template_3,dohodizashchita.ru
dohodnadvkladom,template_6,dohodnadvkladom.ru
dohodnayaalternativa,template_5,dohodnayaalternativa.ru
dohodnayamehanika,template_3,dohodnayamehanika.ru
dohodnayamodelfonda,template_5,dohodnayamodelfonda.ru
dohodnayanedvizhimost,template_1,dohodnayanedvizhimost.ru
dohodnostdlyakvala,template_6,dohodnostdlyakvala.ru
dohodnyipotencial,template_3,dohodnyipotencial.ru
dohodnyprodukt,template_1,dohodnyprodukt.ru
dohodnyyformat,template_2,dohodnyyformat.ru
dohodnyykval,template_4,dohodnyykval.ru
dohodnyyvmestodepozita,template_6,dohodnyyvmestodepozita.ru
dohodpokvartalno,template_2,dohodpokvartalno.ru
dohodposlestatusa,template_1,dohodposlestatusa.ru
dohodpotokirr,template_4,dohodpotokirr.ru
dohodpristavke,template_3,dohodpristavke.ru
dohodsvyplatami,template_5,dohodsvyplatami.ru
dohodvmestodepozita,template_6,dohodvmestodepozita.ru
dohodvmestovklada,template_2,dohodvmestovklada.ru
dohodvyshevklada,template_6,dohodvyshevklada.ru
dokumentydlyagoldex,template_3,dokumentydlyagoldex.ru
dokumentydlyavhoda,template_4,dokumentydlyavhoda.ru
dokumentykvala,template_5,dokumentykvala.ru
dolgayazashchita,template_1,dolgayazashchita.ru
dolgiedengi,template_5,dolgiedengi.ru
dolgovieinstrumenty,template_6,dolgovieinstrumenty.ru
dolyakapitala,template_2,dolyakapitala.ru
dolyivykup,template_2,dolyivykup.ru
dopolnitelnyvyhod,template_5,dopolnitelnyvyhod.ru
dopuskkinvesticiyam,template_1,dopuskkinvesticiyam.ru
dorogiedengi,template_4,dorogiedengi.ru
dorogoyrynok,template_2,dorogoyrynok.ru
dosrochnayalikvidnost,template_3,dosrochnayalikvidnost.ru
dosrochnyyvyhod,template_3,dosrochnyyvyhod.ru
dostupkinstrumentam,template_5,dostupkinstrumentam.ru
dostupkzolotu,template_4,dostupkzolotu.ru
drugoechemvklad,template_1,drugoechemvklad.ru
ekonomikagoldex,template_1,ekonomikagoldex.ru
etfiligoldex,template_6,etfiligoldex.ru
etfilireshenie,template_1,etfilireshenie.ru
fiksirovannydohod,template_5,fiksirovannydohod.ru
finalnyvykup,template_3,finalnyvykup.ru
finmodelgoldex,template_4,finmodelgoldex.ru
fizicheskoezolotogoldex,template_2,fizicheskoezolotogoldex.ru
fizicheskoezolotoiligoldex,template_4,fizicheskoezolotoiligoldex.ru
fondidayutpotok,template_3,fondidayutpotok.ru
fondipribyl,template_2,fondipribyl.ru
fondnazoloto,template_3,fondnazoloto.ru
fondovayamodel,template_3,fondovayamodel.ru
fondovayamodeldohoda,template_3,fondovayamodeldohoda.ru
fondovayashema,template_4,fondovayashema.ru
fondpoluchaetdohod,template_4,fondpoluchaetdohod.ru
fondsimushchestvom,template_2,fondsimushchestvom.ru
fondsopcionom,template_4,fondsopcionom.ru
fondsrentoy,template_2,fondsrentoy.ru
fondsvykupom,template_4,fondsvykupom.ru
fondzolotomatov,template_4,fondzolotomatov.ru
formatdlyakapitala,template_1,formatdlyakapitala.ru
formatdlyakvala,template_3,formatdlyakvala.ru
formatvykupa,template_4,formatvykupa.ru
garantvyykupa,template_1,garantvyykupa.ru
gdeiskatdohodnost,template_5,gdeiskatdohodnost.ru
gdeiskatkvalu,template_2,gdeiskatkvalu.ru
gdeparkovatsummu,template_5,gdeparkovatsummu.ru
geopoliticheskayanestabilnost,template_6,geopoliticheskayanestabilnost.ru
geopoliticheskiyperiod,template_1,geopoliticheskiyperiod.ru
geopoliticheskoedavlenie,template_1,geopoliticheskoedavlenie.ru
geopolitikakapitala,template_3,geopolitikakapitala.ru
goldexaktiv,template_2,goldexaktiv.ru
goldexantiinflyaciya,template_6,goldexantiinflyaciya.ru
goldexbezsekreta,template_1,goldexbezsekreta.ru
goldexdlyakapitala,template_4,goldexdlyakapitala.ru
goldexdlyakogo,template_1,goldexdlyakogo.ru
goldexdohod,template_4,goldexdohod.ru
goldexdohodnost,template_4,goldexdohodnost.ru
goldexdokumenty,template_2,goldexdokumenty.ru
goldexfond,template_1,goldexfond.ru
goldexgold,template_6,goldexgold.ru
goldexilietf,template_2,goldexilietf.ru
goldexilimonety,template_4,goldexilimonety.ru
goldexilinedvizhimost,template_4,goldexilinedvizhimost.ru
goldexiliobligacii,template_3,goldexiliobligacii.ru
goldexilislitki,template_1,goldexilislitki.ru
goldexilivklad,template_5,goldexilivklad.ru
goldexilizoloto,template_3,goldexilizoloto.ru
goldexinvest,template_2,goldexinvest.ru
goldexkapital,template_5,goldexkapital.ru
goldexkval,template_5,goldexkval.ru
goldexkvartal,template_6,goldexkvartal.ru
goldexlikvidnost,template_2,goldexlikvidnost.ru
goldexmehanika,template_3,goldexmehanika.ru
goldexmodel,template_5,goldexmodel.ru
goldexmoex,template_1,goldexmoex.ru
goldexneetf,template_2,goldexneetf.ru
goldexopcion,template_4,goldexopcion.ru
goldexpai,template_1,goldexpai.ru
goldexpoformule,template_4,goldexpoformule.ru
goldexpokupaet,template_6,goldexpokupaet.ru
goldexpotok,template_3,goldexpotok.ru
goldexprodukt,template_1,goldexprodukt.ru
goldexprotivetf,template_3,goldexprotivetf.ru
goldexprotivnedvizhimosti,template_6,goldexprotivnedvizhimosti.ru
goldexprotivobligaciy,template_6,goldexprotivobligaciy.ru
goldexprotivrublya,template_2,goldexprotivrublya.ru
goldexprotivslitkov,template_6,goldexprotivslitkov.ru
goldexprotivvklada,template_3,goldexprotivvklada.ru
goldexrenta,template_6,goldexrenta.ru
goldexshagzashagom,template_5,goldexshagzashagom.ru
goldexvmesto,template_3,goldexvmesto.ru
goldexvmestodepozita,template_4,goldexvmestodepozita.ru
goldexvsankcii,template_2,goldexvsankcii.ru
goldexvsetf,template_2,goldexvsetf.ru
goldexvsnedvizhimost,template_1,goldexvsnedvizhimost.ru
goldexvsobligacii,template_3,goldexvsobligacii.ru
goldexvsslitki,template_3,goldexvsslitki.ru
goldexvsvklad,template_1,goldexvsvklad.ru
goldexvszoloto,template_4,goldexvszoloto.ru
goldexvyhod,template_1,goldexvyhod.ru
goldexvykup,template_3,goldexvykup.ru
goldexzashchita,template_1,goldexzashchita.ru
grafikviplat,template_6,grafikviplat.ru
grafikvykupa,template_2,grafikvykupa.ru
ideyadlyakapitala,template_1,ideyadlyakapitala.ru
ilinedvizhimost,template_5,ilinedvizhimost.ru
imushchestvoipo,template_1,imushchestvoipo.ru
inflyaciyabezpoter,template_3,inflyaciyabezpoter.ru
inflyaciyaizoloto,template_4,inflyaciyaizoloto.ru
instrumentdlyakvala,template_6,instrumentdlyakvala.ru
instrumentdohoda,template_3,instrumentdohoda.ru
instrumentkapitala,template_4,instrumentkapitala.ru
instrumentoborota,template_2,instrumentoborota.ru
instrumentvmestovklada,template_6,instrumentvmestovklada.ru
instrumentzashchity,template_4,instrumentzashchity.ru
investcherezpai,template_2,investcherezpai.ru
investdlyakapitala,template_4,investdlyakapitala.ru
investicii-v-zoloto,template_6,investicii-v-zoloto.ru
investiciidlyakapitala,template_1,investiciidlyakapitala.ru
investicionnayamodel,template_5,investicionnayamodel.ru
investicionnayapoziciya,template_2,investicionnayapoziciya.ru
investicionnayastruktura,template_4,investicionnayastruktura.ru
investicionnayazashchita,template_2,investicionnayazashchita.ru
investicionnyeriski,template_6,investicionnyeriski.ru
investmodelgoldex,template_1,investmodelgoldex.ru
investorietf,template_3,investorietf.ru
investorizoloto,template_6,investorizoloto.ru
investorkapitala,template_5,investorkapitala.ru
investorkrupnoysummy,template_1,investorkrupnoysummy.ru
investornedvizhimosti,template_4,investornedvizhimosti.ru
investorobligacii,template_5,investorobligacii.ru
investorprodukt,template_6,investorprodukt.ru
investorslitki,template_4,investorslitki.ru
investorustatusa,template_5,investorustatusa.ru
investposlestatusa,template_6,investposlestatusa.ru
investpotokgoldex,template_5,investpotokgoldex.ru
investstrategiya,template_3,investstrategiya.ru
investstruktura,template_5,investstruktura.ru
investuroven,template_4,investuroven.ru
irrentaru,template_1,irrentaru.ru
irrigoldex,template_1,irrigoldex.ru
irrirenta,template_2,irrirenta.ru
istochnikdohodagoldex,template_6,istochnikdohodagoldex.ru
izvkladavinvest,template_6,izvkladavinvest.ru
kakiedokumentynuzhny,template_1,kakiedokumentynuzhny.ru
kakkupitpay,template_5,kakkupitpay.ru
kakrabotaetfondzolotomatov,template_1,kakrabotaetfondzolotomatov.ru
kakschitatirr,template_5,kakschitatirr.ru
kakstatkvalom,template_3,kakstatkvalom.ru
kakustroendohod,template_5,kakustroendohod.ru
kakvyytiranshe,template_3,kakvyytiranshe.ru
kakzarabatyvaetgoldex,template_5,kakzarabatyvaetgoldex.ru
kanalvyhoda,template_1,kanalvyhoda.ru
kapitalbezdepozita,template_5,kapitalbezdepozita.ru
kapitalbezobescenivaniya,template_6,kapitalbezobescenivaniya.ru
kapitalbezrublariskov,template_4,kapitalbezrublariskov.ru
kapitalbolshoysummy,template_5,kapitalbolshoysummy.ru
kapitalidayetdohod,template_3,kapitalidayetdohod.ru
kapitalidohod,template_2,kapitalidohod.ru
kapitalilietf,template_3,kapitaliliETF.ru
kapitaliligoldex,template_2,kapitaliligoldex.ru
kapitaliliobligacii,template_4,kapitaliliobligacii.ru
kapitalilislitki,template_1,kapitalilislitki.ru
kapitalilivklad,template_1,kapitalilivklad.ru
kapitalilizoloto,template_1,kapitalilizoloto.ru
kapitalinedvizhimost,template_4,kapitalinedvizhimost.ru
kapitalivyhod,template_3,kapitalivyhod.ru
kapitalnaryinke,template_6,kapitalnaryinke.ru
kapitalotinflyacii,template_4,kapitalotinflyacii.ru
kapitalposlekvala,template_4,kapitalposlekvala.ru
kapitalposlestatusa,template_6,kapitalposlestatusa.ru
kapitalpristavke,template_3,kapitalpristavke.ru
kapitalslogikoy,template_5,kapitalslogikoy.ru
kapitalvdele,template_1,kapitalvdele.ru
kapitalvinstrumente,template_2,kapitalvinstrumente.ru
kapitalvmestobanka,template_4,kapitalvmestobanka.ru
kapitalvmestovklada,template_1,kapitalvmestovklada.ru
kapitalvnezbanka,template_3,kapitalvnezbanka.ru
kapitalvrealnyaktiv,template_2,kapitalvrealnyaktiv.ru
kapitalvsankcii,template_3,kapitalvsankcii.ru
kapitalvtrudnyevremena,template_3,kapitalvtrudnyevremena.ru
kapitalvybor,template_3,kapitalvybor.ru
kapitalvysheurovnya,template_3,kapitalvysheurovnya.ru
kapitalvzamysle,template_1,kapitalvzamysle.ru
kapitalvzolote,template_4,kapitalvzolote.ru
keshfloufonda,template_2,keshfloufonda.ru
klassicheskieresheniya,template_2,klassicheskieresheniya.ru
klassicheskiyetf,template_1,klassicheskiyetf.ru
klassicheskiyobekt,template_2,klassicheskiyobekt.ru
klyuchevayastavka,template_6,klyuchevayastavka.ru
klyuchevyeriski,template_5,klyuchevyeriski.ru
kollebaniyarublya,template_1,kollebaniyarublya.ru
komudostupenfond,template_1,komudostupenfond.ru
konservativnyportfel,template_3,konservativnyportfel.ru
kromevklada,template_1,kromevklada.ru
krupnayasumma,template_1,krupnayasumma.ru
krupnayasummakuda,template_6,krupnayasummakuda.ru
krupnayasummaru,template_5,krupnayasummaru.ru
krupnykapital,template_4,krupnykapital.ru
krupnyyschetideya,template_5,krupnyyschetideya.ru
ktomozhetinvestirovat,template_3,ktomozhetinvestirovat.ru
kudakvaluzadokhodom,template_2,kudakvaluzadokhodom.ru
kudapereyti,template_5,kudapereyti.ru
kudavlozhitkapital,template_3,kudavlozhitkapital.ru
kudavlozhitposlevklada,template_3,kudavlozhitposlevklada.ru
kupitpaigoldex,template_2,kupitpaigoldex.ru
kupitpayfonde,template_1,kupitpayfonde.ru
kvalinvestorgoldex,template_4,kvalinvestorgoldex.ru
kvalinvestoru,template_6,kvalinvestoru.ru
kvalovybor,template_5,kvalovybor.ru
kvalpassivnyydohod,template_3,kvalpassivnyydohod.ru
kvalproformat,template_2,kvalproformat.ru
kvalstatuskak,template_2,kvalstatuskak.ru
kvalstatuskapital,template_4,kvalstatuskapital.ru
kvaludochodnost,template_2,kvaludochodnost.ru
kvalusmysl,template_2,kvalusmysl.ru
kvartalnydohod,template_2,kvartalnydohod.ru
kvartalnyevyplaty,template_6,kvartalnyevyplaty.ru
kvartalnyipotok,template_2,kvartalnyipotok.ru
kvartalnyyformatdohoda,template_1,kvartalnyyformatdohoda.ru
kvartalnyypotok,template_4,kvartalnyypotok.ru
likvidnostcherezmoex,template_5,likvidnostcherezmoex.ru
likvidnostdlyainvestora,template_5,likvidnostdlyainvestora.ru
likvidnostfonda,template_1,likvidnostfonda.ru
likvidnostgoldex,template_6,likvidnostgoldex.ru
likvidnostpaevgoldex,template_2,likvidnostpaevgoldex.ru
likvidnostranye,template_1,likvidnostranye.ru
logikadohoda,template_5,logikadohoda.ru
logikafonda,template_6,logikafonda.ru
logikalikvidnosti,template_2,logikalikvidnosti.ru
luchshedepozita,template_1,luchshedepozita.ru
luchsheetf,template_2,luchsheetf.ru
luchsheobligaciy,template_1,luchsheobligaciy.ru
luchsheslitkov,template_4,luchsheslitkov.ru
luchshevklada,template_5,luchshevklada.ru
luchshezolota,template_5,luchshezolota.ru
massovayalineyka,template_5,massovayalineyka.ru
materialnyeaktivy,template_3,materialnyeaktivy.ru
mechanikaopciona,template_6,mechanikaopciona.ru
mechanikavykupa,template_5,mechanikavykupa.ru
mehanikaopciona,template_4,mehanikaopciona.ru
model50na50,template_2,model50na50.ru
modeldohoda,template_6,modeldohoda.ru
modeldohodafonda,template_5,modeldohodafonda.ru
modelkapitala,template_4,modelkapitala.ru
modelmoex,template_6,modelmoex.ru
modelpotoka,template_1,modelpotoka.ru
modelvyhoda,template_5,modelvyhoda.ru
modelvykupa,template_3,modelvykupa.ru
modelzolota,template_3,modelzolota.ru
modelzolotomatov,template_1,modelzolotomatov.ru
moexkanalvyhoda,template_5,moexkanalvyhoda.ru
moexvyhod,template_1,moexvyhod.ru
monetydlyakapitala,template_6,monetydlyakapitala.ru
nebirzhevoyprodukt,template_1,nebirzhevoyprodukt.ru
nebumazhnayaobolochka,template_3,nebumazhnayaobolochka.ru
nedvizhimostiligoldex,template_2,nedvizhimostiligoldex.ru
neetf,template_5,neetf.ru
neetfnazoloto,template_2,neetfnazoloto.ru
neprostodostup,template_3,neprostodostup.ru
neprostokupongoldex,template_6,neprostokupongoldex.ru
neprostopovtorenie,template_1,neprostopovtorenie.ru
nestabilnayasreda,template_2,nestabilnayasreda.ru
nestabilnostizoloto,template_1,nestabilnostizoloto.ru
nestabilnyrynok,template_5,nestabilnyrynok.ru
nestandartnyresheniya,template_5,nestandartnyresheniya.ru
netolkorostceny,template_1,netolkorostceny.ru
nevkladgoldex,template_6,nevkladgoldex.ru
newformatinvestora,template_5,newformatinvestora.ru
novayadohodnost,template_6,novayadohodnost.ru
novyiinveststatus,template_3,novyiinveststatus.ru
novyystatusnovyyvybor,template_4,novyystatusnovyyvybor.ru
obespechennyinvestor,template_6,obespechennyinvestor.ru
obligaciiiligoldex,template_5,obligaciiiligoldex.ru
oborotfonda,template_2,oborotfonda.ru
oborotnostinstrumenta,template_1,oborotnostinstrumenta.ru
oborotnostpaev,template_3,oborotnostpaev.ru
oborudovanieifond,template_1,oborudovanieifond.ru
oborudovanieipo,template_4,oborudovanieipo.ru
obyazatelnyivykup,template_3,obyazatelnyivykup.ru
obyazatelnyvykup,template_5,obyazatelnyvykup.ru
odnadvadcatshestaya,template_4,odnadvadcatshestaya.ru
oformitstatus,template_6,oformitstatus.ru
oformleniepaya,template_4,oformleniepaya.ru
ogranicheniyairiski,template_3,ogranicheniyairiski.ru
opciondlyadohoda,template_1,opciondlyadohoda.ru
opciondlyavykupa,template_1,opciondlyavykupa.ru
opcionivyhod,template_1,opcionivyhod.ru
opcionnavykup,template_6,opcionnavykup.ru
opcionnaya-logika,template_6,opcionnaya-logika.ru
opcionnydohod,template_2,opcionnydohod.ru
opcionnyipotok,template_2,opcionnyipotok.ru
opcionnyydohod,template_2,opcionnyydohod.ru
opcionpaev,template_6,opcionpaev.ru
operatorarenta,template_2,operatorarenta.ru
operatoripribyl,template_1,operatoripribyl.ru
oporadlyakapitala,template_2,oporadlyakapitala.ru
opornyaktiv,template_4,opornyaktiv.ru
osnovadohoda,template_4,osnovadohoda.ru
otdepozitakproduktu,template_5,otdepozitakproduktu.ru
otkudadohodgoldex,template_6,otkudadohodgoldex.ru
otlichieotetf,template_2,otlichieotetf.ru
otlichieotnedvizhimosti,template_4,otlichieotnedvizhimosti.ru
otlichieotobligaciy,template_3,otlichieotobligaciy.ru
otlichieotslitkov,template_3,otlichieotslitkov.ru
otlichieotvklada,template_2,otlichieotvklada.ru
otlichieotzolota,template_4,otlichieotzolota.ru
otvetdlyakvala,template_3,otvetdlyakvala.ru
otvkladakaktivu,template_2,otvkladakaktivu.ru
otvkladakdohodu,template_6,otvkladakdohodu.ru
paibezzamka,template_2,paibezzamka.ru
paifonda,template_4,paifonda.ru
paikvala,template_5,paikvala.ru
paketdokumentov,template_1,paketdokumentov.ru
passivnydohodkvala,template_4,passivnydohodkvala.ru
passivnyetf,template_1,passivnyetf.ru
passivnyydohodkvalu,template_3,passivnyydohodkvalu.ru
passivnyyformatkvala,template_5,passivnyyformatkvala.ru
payovyyopcion,template_5,payovyyopcion.ru
perechendokumentov,template_3,perechendokumentov.ru
perehodizvklada,template_5,perehodizvklada.ru
peremennayarenta,template_3,peremennayarenta.ru
perevodizvklada,template_1,perevodizvklada.ru
perezhitinflyaciyu,template_6,perezhitinflyaciyu.ru
perezhitnestabilnost,template_6,perezhitnestabilnost.ru
perezhitsankcii,template_4,perezhitsankcii.ru
periodneopredelennosti,template_1,periodneopredelennosti.ru
periodnestabilnosti,template_3,periodnestabilnosti.ru
pochemunetf,template_3,pochemunetf.ru
podgotovkakvhodu,template_5,podgotovkakvhodu.ru
poetapnyvykup,template_4,poetapnyvykup.ru
poinabalanse,template_6,poinabalanse.ru
poiskdlyakvala,template_3,poiskdlyakvala.ru
pokupatelnayasposobnost,template_4,pokupatelnayasposobnost.ru
pokupkapaya,template_3,pokupkapaya.ru
pokvartalnydohod,template_6,pokvartalnydohod.ru
pokvartalnyivykup,template_3,pokvartalnyivykup.ru
pokvartalnyvykup,template_4,pokvartalnyvykup.ru
poluchitkvala,template_1,poluchitkvala.ru
poluchitstatuskvala,template_3,poluchitstatuskvala.ru
ponyatnayaalternativa,template_5,ponyatnayaalternativa.ru
ponyatnayabaza,template_3,ponyatnayabaza.ru
ponyatnayalikvidnost,template_4,ponyatnayalikvidnost.ru
ponyatnayamodel,template_5,ponyatnayamodel.ru
ponyatnayaschema,template_5,ponyatnayaschema.ru
ponyatnayastruktura,template_3,ponyatnayastruktura.ru
ponyatnycashflow,template_4,ponyatnycashflow.ru
ponyatnydohod,template_1,ponyatnydohod.ru
ponyatnygrafik,template_5,ponyatnygrafik.ru
ponyatnyopcion,template_1,ponyatnyopcion.ru
ponyatnyprodukt,template_6,ponyatnyprodukt.ru
ponyatnyvyhod,template_4,ponyatnyvyhod.ru
ponyatnyyvyhod,template_4,ponyatnyyvyhod.ru
portfelzashchity,template_3,portfelzashchity.ru
poslebazy,template_4,poslebazy.ru
posledepozita,template_4,posledepozita.ru
poslekvalastatusa,template_4,poslekvalastatusa.ru
posleokonchaniyavklada,template_4,posleokonchaniyavklada.ru
poslestatusakuda,template_2,poslestatusakuda.ru
poslestatusakvala,template_6,poslestatusakvala.ru
potencialvyshe,template_6,potencialvyshe.ru
potokcherezfond,template_6,potokcherezfond.ru
potokcherezopcion,template_2,potokcherezopcion.ru
potokdeneggoldex,template_5,potokdeneggoldex.ru
potokdlyakvala,template_6,potokdlyakvala.ru
potokdlyapayshika,template_4,potokdlyapayshika.ru
potokfonda,template_4,potokfonda.ru
potokgoldex,template_2,potokgoldex.ru
potokkazhdykvartal,template_2,potokkazhdykvartal.ru
potoknakapital,template_3,potoknakapital.ru
potokotfonda,template_3,potokotfonda.ru
potokotoperatora,template_4,potokotoperatora.ru
potokpokvartalu,template_2,potokpokvartalu.ru
potoksvyplatami,template_5,potoksvyplatami.ru
potokviplat,template_4,potokviplat.ru
pribylcherezrentu,template_4,pribylcherezrentu.ru
pribylfonda,template_2,pribylfonda.ru
pribylgoldex,template_3,pribylgoldex.ru
pribyliirenta,template_5,pribyliirenta.ru
pribyloperatora,template_3,pribyloperatora.ru
pribylzolotomatov,template_2,pribylzolotomatov.ru
privatekapitalformat,template_4,privatekapitalformat.ru
privychnyinstrumenty,template_3,privychnyinstrumenty.ru
produktdlyainvestora,template_5,produktdlyainvestora.ru
produktdlyakapitala,template_2,produktdlyakapitala.ru
produktdlyakvala,template_2,produktdlyakvala.ru
produktdohoda,template_4,produktdohoda.ru
produktnazolote,template_3,produktnazolote.ru
produktovayaliniya,template_2,produktovayaliniya.ru
produktspotokom,template_5,produktspotokom.ru
produktsvyhodom,template_4,produktsvyhodom.ru
produktsvykupom,template_2,produktsvykupom.ru
produktsvyplatami,template_5,produktsvyplatami.ru
produktvmestodepozita,template_5,produktvmestodepozita.ru
produktvmestoetf,template_2,produktvmestoetf.ru
produktvmestonedvizhimosti,template_3,produktvmestonedvizhimosti.ru
produktvmestoobligaciy,template_3,produktvmestoobligaciy.ru
produktvmestoslitkov,template_5,produktvmestoslitkov.ru
produktvmestozolota,template_2,produktvmestozolota.ru
prognosiruemyvyhod,template_5,prognosiruemyvyhod.ru
prolongaciivmesto,template_1,prolongaciivmesto.ru
protivinflyaciizoloto,template_4,protivinflyaciizoloto.ru
pryamoevladenie,template_2,pryamoevladenie.ru
pryamoezoloto,template_5,pryamoezoloto.ru
q28vykup,template_5,q28vykup.ru
rabotagoldex,template_6,rabotagoldex.ru
rannevyyhodizfonda,template_5,rannevyyhodizfonda.ru
ranniyvyhod,template_2,ranniyvyhod.ru
raschyotirr,template_3,raschyotirr.ru
raspredeleniedohoda,template_6,raspredeleniedohoda.ru
raspredeleniepribyli,template_2,raspredeleniepribyli.ru
rasshirennyinstrumenty,template_6,rasshirennyinstrumenty.ru
razborfinmodeli,template_4,razborfinmodeli.ru
razmeshcheniekapitala,template_6,razmeshcheniekapitala.ru
razmeshcheniesredstv,template_5,razmeshcheniesredstv.ru
razmestitdengi,template_1,razmestitdengi.ru
razmestitkapital,template_3,razmestitkapital.ru
razmestitposlestatusa,template_2,razmestitposlestatusa.ru
raznicaetf,template_6,raznicaetf.ru
realnoeimushchestvo,template_5,realnoeimushchestvo.ru
realnoezoloto,template_1,realnoezoloto.ru
realnyaktiv,template_5,realnyaktiv.ru
realnyaktivfonda,template_4,realnyaktivfonda.ru
realnybiznes,template_4,realnybiznes.ru
regulyarnydohod,template_5,regulyarnydohod.ru
regulyarnyeviplaty,template_2,regulyarnyeviplaty.ru
regulyarnyevyplaty,template_6,regulyarnyevyplaty.ru
renta50otpribyli,template_6,renta50otpribyli.ru
rentacherezpribyl,template_3,rentacherezpribyl.ru
rentafonda,template_6,rentafonda.ru
rentagoldex,template_6,rentagoldex.ru
rentaidohod,template_3,rentaidohod.ru
rentaizolotomaty,template_1,rentaizolotomaty.ru
rentapolovinypribyli,template_6,rentapolovinypribyli.ru
rentnypotok,template_3,rentnypotok.ru
resheniedepozitu,template_5,resheniedepozitu.ru
resheniedlyakapitala,template_1,resheniedlyakapitala.ru
resheniedlyakvala,template_4,resheniedlyakvala.ru
reshenievmestovklada,template_6,reshenievmestovklada.ru
riskidlyakvala,template_3,riskidlyakvala.ru
riskifondazolotomatov,template_1,riskifondazolotomatov.ru
riskigoldex,template_1,riskigoldex.ru
riskiinvestora,template_3,riskiinvestora.ru
riskimodeli,template_1,riskimodeli.ru
riskiperedvhodom,template_1,riskiperedvhodom.ru
riskizolotomatov,template_4,riskizolotomatov.ru
rostkapitalagoldex,template_5,rostkapitalagoldex.ru
rublevayanestabilnost,template_5,rublevayanestabilnost.ru
rublevyeriski,template_3,rublevyeriski.ru
rubliizoloto,template_1,rubliizoloto.ru
rynochnayanestabilnost,template_4,rynochnayanestabilnost.ru
rynochnayaturbulentnost,template_5,rynochnayaturbulentnost.ru
rynokdlyaokna,template_6,rynokdlyaokna.ru
sankciizoloto,template_2,sankciizoloto.ru
sankcionnayasreda,template_1,sankcionnayasreda.ru
sankcionnoedavlenie,template_5,sankcionnoedavlenie.ru
sankcionnyeriski,template_6,sankcionnyeriski.ru
scenariyvyhoda,template_2,scenariyvyhoda.ru
schetpribyli,template_2,schetpribyli.ru
sdelkafonda,template_2,sdelkafonda.ru
shemainvestora,template_1,shemainvestora.ru
silnayadohodnost,template_4,silnayadohodnost.ru
silnee-depozita,template_4,silnee-depozita.ru
silnyprodukt,template_6,silnyprodukt.ru
slabiyrubl,template_4,slabiyrubl.ru
sledushchiyuroven,template_2,sledushchiyuroven.ru
sleduyushchiyshag,template_6,sleduyushchiyshag.ru
slitkidlyakapitala,template_3,slitkidlyakapitala.ru
slitkiimonetyiligoldex,template_1,slitkiimonetyiligoldex.ru
sohranenieikapital,template_1,sohranenieikapital.ru
sohranitdengi,template_6,sohranitdengi.ru
sohranitkapital,template_6,sohranitkapital.ru
spokoynayamodel,template_2,spokoynayamodel.ru
spokoynoerazmeshchenie,template_5,spokoynoerazmeshchenie.ru
sravneniesetf,template_1,sravneniesetf.ru
sravnitbondyigoldex,template_2,sravnitbondyigoldex.ru
sravnitgoldexinedvizhimost,template_2,sravnitgoldexinedvizhimost.ru
sravnitvkladifond,template_4,sravnitvkladifond.ru
standartynevse,template_1,standartynevse.ru
statuskvala,template_5,statuskvala.ru
statuskvalinvestora,template_6,statuskvalinvestora.ru
statuspoluchenkuda,template_6,statuspoluchenkuda.ru
stavkacbkudavlozhit,template_4,stavkacbkudavlozhit.ru
stavkaiinflaciya,template_5,stavkaiinflaciya.ru
stavkavyshevklada,template_5,stavkavyshevklada.ru
strahovkakapitala,template_4,strahovkakapitala.ru
strahovkaotrublya,template_1,strahovkaotrublya.ru
strategiyakapitala,template_2,strategiyakapitala.ru
summadlyainvesticiy,template_4,summadlyainvesticiy.ru
summavrabote,template_5,summavrabote.ru
tipovyeinstrumenty,template_1,tipovyeinstrumenty.ru
transparentnyvyhod,template_3,transparentnyvyhod.ru
trevozhnayageopolitika,template_6,trevozhnayageopolitika.ru
turbulentnyevremena,template_5,turbulentnyevremena.ru
usloviyadopuska,template_3,usloviyadopuska.ru
usloviyasankciy,template_3,usloviyasankciy.ru
usloviyavhoda,template_4,usloviyavhoda.ru
valyutnayanestabilnost,template_5,valyutnayanestabilnost.ru
valyutnayatrevoga,template_3,valyutnayatrevoga.ru
valyutnayavolatilnost,template_2,valyutnayavolatilnost.ru
valyutnyeriski,template_2,valyutnyeriski.ru
vazhnazashchita,template_4,vazhnazashchita.ru
vhodcherezpai,template_6,vhodcherezpai.ru
vhoddlyakvala,template_6,vhoddlyakvala.ru
vhodivyhod,template_6,vhodivyhod.ru
vhodivyhodponyatny,template_1,vhodivyhodponyatny.ru
vhodvfond,template_5,vhodvfond.ru
vhodvfonds,template_6,vhodvfonds.ru
vhodvzoloto,template_5,vhodvzoloto.ru
viplatycherezgoldex,template_3,viplatycherezgoldex.ru
vkladailialternativa,template_3,vkladailialternativa.ru
vkladibolshe,template_5,vkladibolshe.ru
vkladidohodsravnit,template_5,vkladidohodsravnit.ru
vkladifondsravnit,template_6,vkladifondsravnit.ru
vkladiligoldex,template_6,vkladiligoldex.ru
vkladinache,template_5,vkladinache.ru
vkladnepredel,template_1,vkladnepredel.ru
vlozhenievzoloto,template_6,vlozhenievzoloto.ru
vlozhit-v-zoloto,template_6,vlozhit-v-zoloto.ru
vlozhitdlyadohodagoldex,template_5,vlozhitdlyadohodagoldex.ru
vlozhitkrupnosummu,template_6,vlozhitkrupnosummu.ru
vmestobankagoldex,template_4,vmestobankagoldex.ru
vmestobankaprodukt,template_3,vmestobankaprodukt.ru
vmestobazy,template_6,vmestobazy.ru
vmestodepozita,template_2,vmestodepozita.ru
vmestodepozitadohod,template_6,vmestodepozitadohod.ru
vmestodepozitafond,template_6,vmestodepozitafond.ru
vmestodepozitaprostavku,template_5,vmestodepozitaprostavku.ru
vmestoetf,template_2,vmestoetf.ru
vmestoklassiki,template_2,vmestoklassiki.ru
vmestonedvizhimosti,template_2,vmestonedvizhimosti.ru
vmestoobligaciy,template_2,vmestoobligaciy.ru
vmestopokupkislitkov,template_3,vmestopokupkislitkov.ru
vmestopokupkizolota,template_6,vmestopokupkizolota.ru
vmestoroznitsy,template_2,vmestoroznitsy.ru
vmestostandarta,template_6,vmestostandarta.ru
vmestostandartnyh,template_5,vmestostandartnyh.ru
vmestovklada,template_1,vmestovklada.ru
vmestovkladailibank,template_3,vmestovkladailibank.ru
vmestovkladapristavke,template_6,vmestovkladapristavke.ru
vne-standarta,template_1,vne-standarta.ru
vnebanka,template_3,vnebanka.ru
vnebankov,template_5,vnebankov.ru
vnebazovyh,template_3,vnebazovyh.ru
vnedepozita,template_1,vnedepozita.ru
vnelineyki,template_4,vnelineyki.ru
vneportfelya,template_1,vneportfelya.ru
vnerynka,template_3,vnerynka.ru
vneshnieogranicheniya,template_6,vneshnieogranicheniya.ru
vneshniykanal,template_2,vneshniykanal.ru
vnevklada,template_5,vnevklada.ru
volatilnostrublya,template_4,volatilnostrublya.ru
vozvratkapitala,template_6,vozvratkapitala.ru
vtorichnyrynok,template_5,vtorichnyrynok.ru
vyboretfili,template_5,vyboretfili.ru
vybormezhdunedvizhimostyu,template_6,vybormezhdunedvizhimostyu.ru
vyborobligaciiiligoldex,template_2,vyborobligaciiiligoldex.ru
vyborprodukta,template_1,vyborprodukta.ru
vyborvkladailigoldex,template_3,vyborvkladailigoldex.ru
vyborvmestostandarta,template_1,vyborvmestostandarta.ru
vyborzolotoiligoldex,template_2,vyborzolotoiligoldex.ru
vyhodbezslozhnostey,template_4,vyhodbezslozhnostey.ru
vyhodcherezopcion,template_5,vyhodcherezopcion.ru
vyhoddookonchaniya,template_6,vyhoddookonchaniya.ru
vyhodidohod,template_5,vyhodidohod.ru
vyhodizgoldex,template_3,vyhodizgoldex.ru
vyhodizranyshe,template_2,vyhodizranyshe.ru
vyhodizvklada,template_2,vyhodizvklada.ru
vyhodranshesroka,template_1,vyhodranshesroka.ru
vykupcherezopcion,template_6,vykupcherezopcion.ru
vykupkvartalno,template_6,vykupkvartalno.ru
vykupodnashestaya,template_3,vykupodnashestaya.ru
vykuppaev,template_4,vykuppaev.ru
vykuppaevgoldex,template_3,vykuppaevgoldex.ru
vykuppaevkvartal,template_3,vykuppaevkvartal.ru
vykuppaevq28,template_1,vykuppaevq28.ru
vykupq28,template_3,vykupq28.ru
vyplatyinvestoru,template_6,vyplatyinvestoru.ru
vyplatykakformat,template_2,vyplatykakformat.ru
vyplatykvartalno,template_3,vyplatykvartalno.ru
vyplatyregulyarno,template_2,vyplatyregulyarno.ru
vyshebanka,template_3,vyshebanka.ru
vyshechemvklad,template_1,vyshechemvklad.ru
vyshedepozita,template_6,vyshedepozita.ru
vyshedohodavklada,template_4,vyshedohodavklada.ru
vysherynka,template_2,vysherynka.ru
vyshestavkivklada,template_1,vyshestavkivklada.ru
vysokayainflyaciirazum,template_4,vysokayainflyaciirazum.ru
vysokayastavka,template_2,vysokayastavka.ru
vysokayastavkacb,template_5,vysokayastavkacb.ru
vysokayastavkavybor,template_4,vysokayastavkavybor.ru
vyytiizfonda,template_6,vyytiizfonda.ru
vyytiizgoldex,template_4,vyytiizgoldex.ru
yakoradlyakapitala,template_2,yakoradlyakapitala.ru
yakorkapitala,template_1,yakorkapitala.ru
zamenadepozita,template_1,zamenadepozita.ru
zamenastandartu,template_3,zamenastandartu.ru
zamenavklada,template_6,zamenavklada.ru
zashchitacherezgoldex,template_4,zashchitacherezgoldex.ru
zashchitadengey,template_1,zashchitadengey.ru
zashchitainvestora,template_5,zashchitainvestora.ru
zashchitairost,template_6,zashchitairost.ru
zashchitaivyhod,template_1,zashchitaivyhod.ru
zashchitakapitala,template_3,zashchitakapitala.ru
zashchitaotinflyacii,template_4,zashchitaotinflyacii.ru
zashchitaotrublya,template_3,zashchitaotrublya.ru
zashchitaportfelya,template_3,zashchitaportfelya.ru
zashchitavmestovklada,template_4,zashchitavmestovklada.ru
zashchitazolatamomenty,template_3,zashchitazolatamomenty.ru
zashchitazolotom,template_1,zashchitazolotom.ru
zashchitnayadolya,template_5,zashchitnayadolya.ru
zashchitnayalogika,template_5,zashchitnayalogika.ru
zashchitnayalternativa,template_4,zashchitnayalternativa.ru
zashchitnayideya,template_1,zashchitnayideya.ru
zashchitnayinvesticiya,template_2,zashchitnayinvesticiya.ru
zashchitnyaktiv,template_5,zashchitnyaktiv.ru
zashchitnyinstrument,template_1,zashchitnyinstrument.ru
zashchitnyprodukt,template_6,zashchitnyprodukt.ru
zashchitnyyvmestovklada,template_2,zashchitnyyvmestovklada.ru
zashchitnyyzoloto,template_4,zashchitnyyzoloto.ru
zlatootinflyacii,template_5,zlatootinflyacii.ru
zolitkikapitala,template_1,zolitkikapitala.ru
zolotayadohodnost,template_2,zolotayadohodnost.ru
zolotayafunkciya,template_2,zolotayafunkciya.ru
zolotayaideyagoldex,template_4,zolotayaideyagoldex.ru
zolotayastrategiya,template_5,zolotayastrategiya.ru
zolotayatema,template_3,zolotayatema.ru
zolotodlyakapitala,template_2,zolotodlyakapitala.ru
zolotodlyazashchity,template_3,zolotodlyazashchity.ru
zolotoetfiligoldex,template_5,zolotoetfiligoldex.ru
zolotoidohod,template_4,zolotoidohod.ru
zolotoifondgoldex,template_1,zolotoifondgoldex.ru
zolotoinvestgoldex,template_2,zolotoinvestgoldex.ru
zolotokakzashchita,template_1,zolotokakzashchita.ru
zolotomatyfonda,template_2,zolotomatyfonda.ru
zolotomatyidohod,template_4,zolotomatyidohod.ru
zolotomatyipo,template_2,zolotomatyipo.ru
zolotootinflyacii,template_6,zolotootinflyacii.ru
zolotoprisankciyah,template_6,zolotoprisankciyah.ru
zolotoprotivinflyacii,template_2,zolotoprotivinflyacii.ru
zolotoprotivrublya,template_5,zolotoprotivrublya.ru
zolotoprotivvoly,template_1,zolotoprotivvoly.ru
zolotovmirecen,template_6,zolotovmirecen.ru
zolotovmonetah,template_3,zolotovmonetah.ru
zolotovnestabilnosti,template_4,zolotovnestabilnosti.ru
zolotovnovyhsankciyah,template_2,zolotovnovyhsankciyah.ru
zolotovperiodsankciy,template_4,zolotovperiodsankciy.ru
zolotovportfele,template_3,zolotovportfele.ru
zolotoyrynok,template_2,zolotoyrynok.ru