slug,template
gov_supervisory_oversight_supervisory_reporting,template_1
gov_supervisory_oversight_supervisory_workflows,template_2
gov_supervisory_oversight_supervisory_operating_layer,template_6
gov_supervisory_oversight_market_visibility,template_7
gov_supervisory_oversight_multi_entity_monitoring,template_11
gov_supervisory_oversight_licensing_framework,template_16
gov_supervisory_oversight_risk_based_supervision,template_20
gov_supervisory_oversight_regulatory_decision_support,template_21
gov_supervisory_oversight_continuous_supervisory_visibility,template_22
gov_supervisory_oversight_evidence_escalation_layer,template_17
gov_supervisory_oversight_supervisory_dashboard,template_5
gov_supervisory_oversight_vasp_oversight,template_10
gov_travel_rule_and_transaction_monitoring_suspicious_activity,template_15
gov_travel_rule_and_transaction_monitoring_wallet_tracking,template_3
gov_travel_rule_and_transaction_monitoring_ivms101_message_review,template_4
gov_travel_rule_and_transaction_monitoring_sanctions_screening,template_8
gov_travel_rule_and_transaction_monitoring_transaction_visibility,template_9
gov_travel_rule_and_transaction_monitoring_cross_border_flows,template_12
gov_travel_rule_and_transaction_monitoring_transaction_investigation,template_13
gov_travel_rule_and_transaction_monitoring_counterparty_verification,template_14
gov_travel_rule_and_transaction_monitoring_real_time_alerting,template_18
gov_travel_rule_and_transaction_monitoring_risk_scoring,template_19
gov_travel_rule_and_transaction_monitoring_vasp_messaging,template_23
gov_travel_rule_and_transaction_monitoring_data_exchange,template_24
gov_fiu_aml_intelligence_digital_asset_intelligence,template_1
gov_fiu_aml_intelligence_suspicious_transaction_reporting,template_2
gov_fiu_aml_intelligence_digital_asset_evidence_package,template_6
gov_fiu_aml_intelligence_crypto_sar_str_reporting,template_7
gov_fiu_aml_intelligence_aml_case_management,template_11
gov_fiu_aml_intelligence_goaml_integration,template_16
gov_aml_fiu_infrastructure_alert_management,template_20
gov_aml_fiu_infrastructure_investigation_workflows,template_21
gov_aml_fiu_infrastructure_entity_risk_analysis,template_22
gov_aml_fiu_infrastructure_compliance_escalation,template_17
gov_aml_fiu_infrastructure_enforcement_actions,template_5
gov_aml_fiu_infrastructure_data_aggregation,template_10
gov_aml_fiu_infrastructure_aml_authority_oversight,template_15
gov_aml_fiu_infrastructure_audit_ready_logs,template_3
gov_aml_fiu_infrastructure_reporting_pipeline,template_4
gov_emerging_asset_supervision_tokenized_assets_supervision,template_8
gov_emerging_asset_supervision_tokenized_securities_compliance,template_9
gov_emerging_asset_supervision_cbdc_compliance_monitoring,template_12
gov_emerging_asset_supervision_stablecoin_supervision,template_13
gov_emerging_asset_supervision_rwa_market_supervision,template_14
gov_central_bank_and_financial_authority_oversight_financial_monitoring,template_18
gov_central_bank_and_financial_authority_oversight_crypto_banking,template_19
gov_central_bank_and_financial_authority_oversight_macro_supervision,template_23
gov_central_bank_and_financial_authority_oversight_policy_execution,template_24
gov_central_bank_and_financial_authority_oversight_reporting_framework,template_1
gov_central_bank_and_financial_authority_oversight_liquidity_risk,template_2
gov_central_bank_and_financial_authority_oversight_market_stability,template_6
gov_central_bank_and_financial_authority_oversight_transaction_flows,template_7
gov_central_bank_and_financial_authority_oversight_cross_sector_risk,template_11
gov_central_bank_and_financial_authority_oversight_systemic_risk,template_16
gov_central_bank_and_financial_authority_oversight_payment_providers,template_20
gov_central_bank_and_financial_authority_oversight_digital_asset_supervisory_visibility,template_21
gov_regulatory_framework_alignment_regulatory_reporting,template_22
gov_regulatory_framework_alignment_dfsa_compliance,template_17
gov_regulatory_framework_alignment_fatf_compliance,template_5
gov_regulatory_framework_alignment_vara_framework,template_10
gov_regulatory_framework_alignment_mica_requirements,template_15
gov_regulatory_framework_alignment_global_standards,template_3
gov_regulatory_framework_alignment_mas_guidelines,template_4
gov_regulatory_framework_alignment_fca_requirements,template_8
gov_regulatory_framework_alignment_adgm_rules,template_9
gov_regulatory_framework_alignment_policy_mapping,template_12
gov_regulatory_framework_alignment_cross_border_regulation,template_13
gov_regulatory_framework_alignment_amld_directives,template_14
gov_sovereign_infrastructure_and_procurement_system_resilience,template_18
gov_sovereign_infrastructure_and_procurement_procurement_safe_design,template_19
gov_sovereign_infrastructure_and_procurement_data_sovereignty,template_23
gov_sovereign_infrastructure_and_procurement_no_vendor_lock_in,template_24
gov_sovereign_infrastructure_and_procurement_auditability,template_1
gov_sovereign_infrastructure_and_procurement_vendor_neutral_model,template_2
gov_sovereign_infrastructure_and_procurement_government_cloud,template_6
gov_sovereign_infrastructure_and_procurement_on_premise_deployment,template_7
gov_sovereign_infrastructure_and_procurement_access_control,template_11
gov_sovereign_infrastructure_and_procurement_security_architecture,template_16
gov_sovereign_infrastructure_and_procurement_data_protection,template_20
gov_sovereign_infrastructure_and_procurement_secure_integration,template_21
gov_institutional_transformation_supervisory_scaling,template_22
gov_institutional_transformation_regulatory_modernization,template_17
gov_institutional_transformation_cross_agency_coordination,template_5
gov_institutional_transformation_operational_restructuring,template_10
gov_institutional_transformation_digital_transformation,template_15
gov_institutional_transformation_regtech_adoption,template_3
gov_institutional_transformation_national_crypto_strategy,template_4
gov_institutional_transformation_compliance_transformation,template_8
gov_institutional_transformation_future_regulation_model,template_9
gov_institutional_transformation_government_workflows,template_12
gov_institutional_transformation_supervisory_transformation,template_13
gov_institutional_transformation_digital_asset_readiness,template_14
gov_institutional_transformation_licensing_model_design,template_18
gov_trust_core_and_authority_case_studies,template_19
gov_trust_core_and_authority_regulatory_trust,template_23
gov_trust_core_and_authority_supervisory_operating_layer,template_24
gov_trust_core_and_authority_why_sfty,template_1
gov_trust_core_and_authority_supervisory_model,template_2
gov_trust_core_and_authority_platform_explanation,template_6
gov_trust_core_and_authority_security_model,template_7
gov_trust_core_and_authority_operating_model,template_11
gov_trust_core_and_authority_deployment_trust,template_16
gov_trust_core_and_authority_institutional_proof,template_20
gov_trust_core_and_authority_procurement_confidence,template_21
gov_trust_core_and_authority_architecture_explained,template_22
gov_trust_core_and_authority_audit_framework,template_17
biz_travel_rule_operations_provider_integration_travel_rule_provider_orchestration,template_5
biz_travel_rule_operations_protocol_hub_otc_desk_travel_rule_hub,template_10
biz_travel_rule_operations_protocol_hub_exchange_travel_rule_hub,template_13
biz_travel_rule_operations_compliance_workflow_workflow_for_vasps,template_24
biz_travel_rule_operations_ivms101_data_exchange_ivms101_audit_evidence,template_3
biz_travel_rule_operations_cross_border_transfers_cross_border_travel_rule_workflow,template_4
biz_travel_rule_operations_protocol_hub_payment_provider_travel_rule_hub,template_9
biz_travel_rule_operations_audit_trail_audit_trail_for_exchanges,template_12
biz_travel_rule_operations_ivms101_data_exchange_beneficiary_data_workflow,template_15
biz_travel_rule_operations_vasp_message_routing_message_routing_audit_trail,template_20
biz_travel_rule_operations_audit_trail_travel_rule_evidence_package,template_1
biz_travel_rule_operations_originator_beneficiary_data_matching,template_7
biz_travel_rule_operations_compliance_workflow_workflow_for_casps,template_18
biz_travel_rule_operations_audit_trail_travel_rule_evidence_record,template_22
biz_travel_rule_operations_exception_handling_incomplete_data_review,template_2
biz_travel_rule_operations_vasp_message_routing_custodian_message_routing,template_6
biz_travel_rule_operations_ivms101_data_exchange_ivms101_exception_workflow,template_11
biz_travel_rule_operations_provider_integration_integration_audit_trail,template_14
biz_travel_rule_operations_protocol_hub_vasp_protocol_hub,template_16
biz_travel_rule_operations_cross_border_transfers_cross_border_sanctions_exposure,template_17
biz_travel_rule_operations_audit_trail_travel_rule_audit_preparation,template_19
biz_travel_rule_operations_vasp_message_routing_provider_orchestrated_routing,template_21
biz_travel_rule_operations_protocol_hub_compliance_team_travel_rule_hub,template_23
biz_travel_rule_operations_cross_border_transfers_cross_border_payment_provider_flows,template_8
biz_travel_rule_operations_protocol_hub_multi_provider_travel_rule_hub,template_5
biz_travel_rule_operations_originator_beneficiary_data_workflow,template_10
biz_travel_rule_operations_audit_trail_audit_logs_for_vasps,template_13
biz_travel_rule_operations_compliance_workflow_workflow_with_risk_scoring,template_24
biz_travel_rule_operations_exception_handling_exception_workflow_for_vasps,template_3
biz_travel_rule_operations_ivms101_data_exchange_ivms101_provider_integration,template_4
biz_travel_rule_operations_failed_messages_failed_message_audit_evidence,template_9
biz_travel_rule_operations_cross_border_transfers_cross_border_compliance_workflow,template_12
biz_travel_rule_operations_originator_beneficiary_data_risk_review,template_15
biz_travel_rule_operations_vasp_message_routing_payment_provider_routing,template_20
biz_travel_rule_operations_ivms101_data_exchange_ivms101_compliance_automation,template_1
biz_travel_rule_operations_vasp_message_routing_high_risk_message_routing,template_7
biz_travel_rule_operations_cross_border_transfers_cross_border_vasp_transfers,template_18
biz_travel_rule_operations_exception_handling_provider_error_handling,template_22
biz_travel_rule_operations_audit_trail_travel_rule_audit_trail,template_2
biz_travel_rule_operations_compliance_workflow_workflow_with_reporting,template_6
biz_travel_rule_operations_provider_integration_openvasp_integration_workflow,template_11
biz_travel_rule_operations_exception_handling_exception_audit_trail,template_14
biz_travel_rule_operations_failed_messages_failed_message_tracking,template_16
biz_travel_rule_operations_exception_handling_mismatch_handling,template_17
biz_travel_rule_operations_audit_trail_audit_trail_for_casps,template_19
biz_travel_rule_operations_originator_beneficiary_data_audit_trail,template_21
biz_travel_rule_operations_provider_integration_travel_rule_provider_data_integration,template_23
biz_travel_rule_operations_ivms101_data_exchange_ivms101_message_completeness,template_8
biz_travel_rule_operations_provider_integration_integration_for_exchanges,template_5
biz_travel_rule_operations_compliance_workflow_workflow_for_compliance_teams,template_10
biz_travel_rule_operations_provider_integration_travel_rule_protocol_integration_workflow,template_13
biz_travel_rule_operations_originator_beneficiary_data_collection,template_24
biz_travel_rule_operations_protocol_hub_audit_ready_travel_rule_hub,template_3
biz_travel_rule_operations_cross_border_transfers_cross_border_audit_evidence,template_4
biz_travel_rule_operations_failed_messages_failed_message_provider_comparison,template_9
biz_travel_rule_operations_provider_integration_sygna_integration_workflow,template_12
biz_travel_rule_operations_vasp_message_routing_message_routing_workflow,template_15
biz_travel_rule_operations_provider_integration_trisa_integration_workflow,template_20
biz_travel_rule_operations_failed_messages_failed_travel_rule_messages,template_1
biz_travel_rule_operations_originator_beneficiary_data_for_exchanges,template_7
biz_travel_rule_operations_failed_messages_failed_message_escalation,template_18
biz_travel_rule_operations_exception_handling_high_risk_exception,template_22
biz_travel_rule_operations_compliance_workflow_travel_rule_compliance_workflow,template_2
biz_travel_rule_operations_provider_integration_integration_for_vasps,template_6
biz_travel_rule_operations_audit_trail_travel_rule_reporting_evidence,template_11
biz_travel_rule_operations_compliance_workflow_workflow_with_case_management,template_14
biz_travel_rule_operations_vasp_message_routing_exchange_message_routing,template_16
biz_travel_rule_operations_failed_messages_failed_message_remediation,template_17
biz_travel_rule_operations_originator_beneficiary_data_for_vasps,template_19
biz_travel_rule_operations_audit_trail_travel_rule_decision_logs,template_21
biz_travel_rule_operations_protocol_hub_stablecoin_travel_rule_hub,template_23
biz_travel_rule_operations_cross_border_transfers_cross_border_stablecoin_transfers,template_8
biz_travel_rule_operations_failed_messages_failed_message_compliance_review,template_5
biz_travel_rule_operations_originator_beneficiary_data_gaps,template_10
biz_travel_rule_operations_vasp_message_routing_vasp_message_routing,template_13
biz_travel_rule_operations_compliance_workflow_travel_rule_operating_system,template_24
biz_travel_rule_operations_ivms101_data_exchange_ivms101_for_vasps,template_3
biz_travel_rule_operations_audit_trail_travel_rule_compliance_defensibility,template_4
biz_travel_rule_operations_protocol_hub_custodian_travel_rule_hub,template_9
biz_travel_rule_operations_failed_messages_failed_ivms101_messages,template_12
biz_travel_rule_operations_protocol_hub_casp_protocol_hub,template_15
biz_travel_rule_operations_vasp_message_routing_failed_message_routing,template_20
biz_travel_rule_operations_ivms101_data_exchange_originator_data_workflow,template_1
biz_travel_rule_operations_exception_handling_exception_case_management,template_7
biz_travel_rule_operations_ivms101_data_exchange_ivms101_for_casps,template_18
biz_travel_rule_operations_compliance_workflow_travel_rule_workflow_automation,template_22
biz_travel_rule_operations_cross_border_transfers_cross_border_transaction_monitoring,template_2
biz_travel_rule_operations_originator_beneficiary_data_beneficiary_data_completeness,template_6
biz_travel_rule_operations_originator_beneficiary_data_originator_data_completeness,template_11
biz_travel_rule_operations_vasp_message_routing_vasp_to_vasp_routing,template_14
biz_travel_rule_operations_exception_handling_exception_workflow_for_exchanges,template_16
biz_travel_rule_operations_exception_handling_travel_rule_exception_handling,template_17
biz_travel_rule_operations_failed_messages_failed_vasp_messages,template_19
biz_travel_rule_operations_compliance_workflow_workflow_for_exchanges,template_21
biz_travel_rule_operations_cross_border_transfers_cross_border_crypto_transfers,template_23
biz_travel_rule_operations_ivms101_data_exchange_ivms101_message_tracking,template_8
biz_travel_rule_operations_exception_handling_exception_automation,template_5
biz_travel_rule_operations_failed_messages_failed_message_case_creation,template_10
biz_travel_rule_operations_cross_border_transfers_cross_border_counterparty_checks,template_13
biz_travel_rule_operations_provider_integration_travel_rule_provider_integration,template_24
biz_kyt_transaction_monitoring_false_positives_sanctions_false_positives,template_3
biz_kyt_transaction_monitoring_suspicious_activity_suspicious_activity_monitoring_for_vasps,template_4
biz_kyt_transaction_monitoring_destination_of_funds_destination_of_funds_audit_trail,template_8
biz_kyt_transaction_monitoring_sanctions_exposure_counterparty_sanctions_exposure,template_9
biz_kyt_transaction_monitoring_alert_triage_alert_triage_automation,template_5
biz_kyt_transaction_monitoring_blockchain_analytics_workflow_blockchain_analytics_audit_trail,template_10
biz_kyt_transaction_monitoring_blockchain_analytics_workflow_blockchain_analytics_integration,template_13
biz_kyt_transaction_monitoring_alert_triage_alert_triage_case_management,template_24
biz_kyt_transaction_monitoring_false_positives_false_positive_risk_rules,template_12
biz_kyt_transaction_monitoring_risk_score_aggregation_transaction_risk_score_aggregation,template_15
biz_kyt_transaction_monitoring_suspicious_activity_suspicious_wallet_activity,template_20
biz_kyt_transaction_monitoring_risk_score_aggregation_risk_score_review_workflow,template_18
biz_kyt_transaction_monitoring_source_of_funds_high_risk_source_of_funds,template_1
biz_kyt_transaction_monitoring_alert_triage_alert_triage_for_compliance_teams,template_7
biz_kyt_transaction_monitoring_risk_score_aggregation_risk_score_aggregation_for_compliance_teams,template_14
biz_kyt_transaction_monitoring_blockchain_analytics_workflow_transaction_analytics_workflow,template_22
biz_kyt_transaction_monitoring_risk_score_aggregation_multi_provider_risk_scoring,template_2
biz_kyt_transaction_monitoring_blockchain_analytics_workflow_blockchain_analytics_workflow,template_6
biz_kyt_transaction_monitoring_sanctions_exposure_sanctions_exposure_review,template_11
biz_kyt_transaction_monitoring_suspicious_activity_suspicious_activity_case_management,template_16
biz_kyt_transaction_monitoring_blockchain_analytics_workflow_blockchain_risk_workflow,template_17
biz_kyt_transaction_monitoring_false_positives_false_positive_review_workflow,template_19
biz_kyt_transaction_monitoring_risk_score_aggregation_kyt_risk_score_aggregation,template_21
biz_kyt_transaction_monitoring_transaction_screening_vasp_transaction_screening,template_23
biz_kyt_transaction_monitoring_destination_of_funds_destination_of_funds_for_vasps,template_3
biz_kyt_transaction_monitoring_destination_of_funds_destination_of_funds_evidence,template_4
biz_kyt_transaction_monitoring_wallet_screening_payment_provider_wallet_screening,template_8
biz_kyt_transaction_monitoring_false_positives_false_positive_case_routing,template_9
biz_kyt_transaction_monitoring_source_of_funds_source_of_funds_case_management,template_5
biz_kyt_transaction_monitoring_wallet_screening_wallet_screening_for_compliance_teams,template_10
biz_kyt_transaction_monitoring_risk_score_aggregation_risk_threshold_management,template_13
biz_kyt_transaction_monitoring_suspicious_activity_suspicious_activity_risk_rules,template_24
biz_kyt_transaction_monitoring_wallet_screening_otc_desk_wallet_screening,template_12
biz_kyt_transaction_monitoring_false_positives_wallet_screening_false_positives,template_15
biz_kyt_transaction_monitoring_alert_triage_transaction_alert_triage,template_20
biz_kyt_transaction_monitoring_blockchain_analytics_workflow_blockchain_analytics_for_compliance_teams,template_18
biz_kyt_transaction_monitoring_source_of_funds_source_of_funds_review,template_1
biz_kyt_transaction_monitoring_false_positives_false_positive_reduction_for_compliance_teams,template_7
biz_kyt_transaction_monitoring_transaction_screening_transaction_screening_audit_trail,template_14
biz_kyt_transaction_monitoring_source_of_funds_source_of_funds_for_vasps,template_22
biz_kyt_transaction_monitoring_wallet_screening_wallet_screening_audit_trail,template_2
biz_kyt_transaction_monitoring_sanctions_exposure_sanctions_exposure_case_management,template_6
biz_kyt_transaction_monitoring_wallet_screening_high_risk_wallet_screening,template_11
biz_kyt_transaction_monitoring_false_positives_kyt_false_positives,template_16
biz_kyt_transaction_monitoring_blockchain_analytics_workflow_kyt_provider_workflow,template_17
biz_kyt_transaction_monitoring_transaction_screening_real_time_transaction_screening,template_19
biz_kyt_transaction_monitoring_suspicious_activity_suspicious_activity_review,template_21
biz_kyt_transaction_monitoring_destination_of_funds_destination_of_funds_for_exchanges,template_23
biz_kyt_transaction_monitoring_source_of_funds_transaction_source_of_funds,template_3
biz_kyt_transaction_monitoring_risk_score_aggregation_wallet_risk_score_aggregation,template_4
biz_kyt_transaction_monitoring_transaction_screening_transaction_screening_workflow,template_8
biz_kyt_transaction_monitoring_suspicious_activity_suspicious_crypto_activity,template_9
biz_kyt_transaction_monitoring_false_positives_transaction_monitoring_false_positives,template_5
biz_kyt_transaction_monitoring_false_positives_false_positive_audit_trail,template_10
biz_kyt_transaction_monitoring_source_of_funds_wallet_source_of_funds,template_13
biz_kyt_transaction_monitoring_wallet_screening_wallet_risk_review,template_24
biz_kyt_transaction_monitoring_sanctions_exposure_sanctions_exposure_audit_trail,template_12
biz_kyt_transaction_monitoring_transaction_screening_exchange_transaction_screening,template_15
biz_kyt_transaction_monitoring_source_of_funds_crypto_source_of_funds,template_20
biz_kyt_transaction_monitoring_blockchain_analytics_workflow_wallet_analytics_workflow,template_18
biz_kyt_transaction_monitoring_source_of_funds_source_of_funds_audit_trail,template_1
biz_kyt_transaction_monitoring_transaction_screening_transaction_screening_for_compliance_teams,template_7
biz_kyt_transaction_monitoring_false_positives_alert_noise_reduction,template_14
biz_kyt_transaction_monitoring_blockchain_analytics_workflow_blockchain_analytics_case_management,template_22
biz_kyt_transaction_monitoring_sanctions_exposure_wallet_sanctions_exposure,template_2
biz_kyt_transaction_monitoring_risk_score_aggregation_risk_score_audit_trail,template_6
biz_kyt_transaction_monitoring_destination_of_funds_destination_of_funds_case_management,template_11
biz_kyt_transaction_monitoring_suspicious_activity_suspicious_activity_escalation,template_16
biz_kyt_transaction_monitoring_risk_score_aggregation_risk_score_normalization,template_17
biz_kyt_transaction_monitoring_sanctions_exposure_transaction_sanctions_exposure,template_19
biz_kyt_transaction_monitoring_sanctions_exposure_high_risk_sanctions_exposure,template_21
biz_kyt_transaction_monitoring_alert_triage_alert_prioritization,template_23
biz_kyt_transaction_monitoring_wallet_screening_vasp_wallet_screening,template_3
biz_kyt_transaction_monitoring_wallet_screening_wallet_screening_workflow,template_4
biz_kyt_transaction_monitoring_transaction_screening_transaction_screening_case_management,template_8
biz_kyt_transaction_monitoring_transaction_screening_transaction_screening_rules,template_9
biz_kyt_transaction_monitoring_transaction_screening_crypto_payment_screening,template_5
biz_kyt_transaction_monitoring_alert_triage_alert_escalation_workflow,template_10
biz_kyt_transaction_monitoring_alert_triage_high_risk_alert_triage,template_13
biz_kyt_transaction_monitoring_destination_of_funds_transaction_destination_risk,template_24
biz_kyt_transaction_monitoring_risk_score_aggregation_provider_risk_score_aggregation,template_12
biz_kyt_transaction_monitoring_alert_triage_alert_routing_workflow,template_15
biz_kyt_transaction_monitoring_alert_triage_kyt_alert_triage,template_20
biz_kyt_transaction_monitoring_destination_of_funds_wallet_destination_risk,template_18
biz_kyt_transaction_monitoring_destination_of_funds_crypto_destination_of_funds,template_1
biz_kyt_transaction_monitoring_sanctions_exposure_sanctions_exposure_monitoring_for_vasps,template_7
biz_kyt_transaction_monitoring_blockchain_analytics_workflow_blockchain_analytics_evidence,template_14
biz_kyt_transaction_monitoring_destination_of_funds_high_risk_destination_review,template_22
biz_kyt_transaction_monitoring_source_of_funds_source_of_funds_for_exchanges,template_2
biz_kyt_transaction_monitoring_sanctions_exposure_crypto_sanctions_exposure,template_6
biz_kyt_transaction_monitoring_alert_triage_wallet_alert_triage,template_11
biz_kyt_transaction_monitoring_transaction_screening_high_risk_transaction_screening,template_16
biz_kyt_transaction_monitoring_suspicious_activity_suspicious_transaction_activity,template_17
biz_kyt_transaction_monitoring_wallet_screening_custodian_wallet_screening,template_19
biz_kyt_transaction_monitoring_destination_of_funds_destination_of_funds_monitoring,template_21
biz_kyt_transaction_monitoring_sanctions_exposure_sanctions_exposure_monitoring_for_exchanges,template_23
biz_kyt_transaction_monitoring_source_of_funds_source_of_funds_evidence,template_3
biz_kyt_transaction_monitoring_suspicious_activity_suspicious_activity_monitoring_for_exchanges,template_4
biz_kyt_transaction_monitoring_wallet_screening_exchange_wallet_screening,template_8
biz_kyt_transaction_monitoring_suspicious_activity_suspicious_activity_evidence,template_9
biz_kyc_kyb_onboarding_company_registry_checks_counterparty_registry_checks,template_1
biz_kyc_kyb_onboarding_identity_verification_high_risk_identity_review,template_7
biz_kyc_kyb_onboarding_company_registry_checks_company_registry_case_management,template_14
biz_kyc_kyb_onboarding_ongoing_monitoring_ongoing_monitoring_audit_trail,template_22
biz_kyc_kyb_onboarding_document_verification_document_review_workflow,template_5
biz_kyc_kyb_onboarding_ongoing_monitoring_adverse_media_monitoring,template_10
biz_kyc_kyb_onboarding_customer_onboarding_exchange_customer_onboarding,template_13
biz_kyc_kyb_onboarding_ubo_review_beneficial_ownership_review,template_24
biz_kyc_kyb_onboarding_customer_onboarding_payment_customer_onboarding,template_3
biz_kyc_kyb_onboarding_onboarding_audit_trail_onboarding_decision_logs,template_4
biz_kyc_kyb_onboarding_identity_verification_identity_verification_workflow,template_8
biz_kyc_kyb_onboarding_document_verification_document_completeness_check,template_12
biz_kyc_kyb_onboarding_company_registry_checks_company_status_monitoring,template_15
biz_kyc_kyb_onboarding_document_verification_document_verification_audit_trail,template_20
biz_kyc_kyb_onboarding_document_verification_document_verification_for_compliance_teams,template_9
biz_kyc_kyb_onboarding_director_shareholder_review_director_shareholder_review,template_18
biz_kyc_kyb_onboarding_corporate_onboarding_high_risk_corporate_onboarding,template_2
biz_kyc_kyb_onboarding_document_verification_crypto_document_verification,template_6
biz_kyc_kyb_onboarding_document_verification_document_provider_orchestration,template_11
biz_kyc_kyb_onboarding_identity_verification_identity_review_case_management,template_16
biz_kyc_kyb_onboarding_identity_verification_identity_provider_orchestration,template_17
biz_kyc_kyb_onboarding_identity_verification_exchange_identity_verification,template_19
biz_kyc_kyb_onboarding_ubo_review_exchange_ubo_review,template_21
biz_kyc_kyb_onboarding_risk_based_routing_rejection_routing,template_23
biz_kyc_kyb_onboarding_director_shareholder_review_director_shareholder_case_management,template_1
biz_kyc_kyb_onboarding_ubo_review_counterparty_ubo_review,template_7
biz_kyc_kyb_onboarding_corporate_onboarding_corporate_approval_workflow,template_14
biz_kyc_kyb_onboarding_document_verification_exchange_document_verification,template_22
biz_kyc_kyb_onboarding_ongoing_monitoring_customer_rescreening,template_5
biz_kyc_kyb_onboarding_onboarding_audit_trail_kyb_audit_evidence,template_10
biz_kyc_kyb_onboarding_risk_based_routing_risk_based_onboarding_routing,template_13
biz_kyc_kyb_onboarding_risk_based_routing_routing_for_compliance_teams,template_24
biz_kyc_kyb_onboarding_director_shareholder_review_vasp_director_review,template_3
biz_kyc_kyb_onboarding_customer_onboarding_vasp_customer_onboarding,template_4
biz_kyc_kyb_onboarding_onboarding_audit_trail_customer_onboarding_evidence,template_8
biz_kyc_kyb_onboarding_corporate_onboarding_corporate_onboarding_audit_trail,template_12
biz_kyc_kyb_onboarding_director_shareholder_review_director_shareholder_audit_trail,template_15
biz_kyc_kyb_onboarding_identity_verification_crypto_identity_verification,template_20
biz_kyc_kyb_onboarding_onboarding_audit_trail_corporate_onboarding_evidence,template_9
biz_kyc_kyb_onboarding_director_shareholder_review_exchange_shareholder_review,template_18
biz_kyc_kyb_onboarding_risk_based_routing_hold_status_routing,template_2
biz_kyc_kyb_onboarding_corporate_onboarding_exchange_corporate_onboarding,template_6
biz_kyc_kyb_onboarding_risk_based_routing_high_risk_review_routing,template_11
biz_kyc_kyb_onboarding_identity_verification_identity_verification_audit_trail,template_16
biz_kyc_kyb_onboarding_company_registry_checks_company_registry_audit_trail,template_17
biz_kyc_kyb_onboarding_identity_verification_vasp_identity_verification,template_19
biz_kyc_kyb_onboarding_company_registry_checks_company_registry_checks,template_21
biz_kyc_kyb_onboarding_ongoing_monitoring_ongoing_monitoring_workflow,template_23
biz_kyc_kyb_onboarding_document_verification_document_exception_handling,template_1
biz_kyc_kyb_onboarding_customer_onboarding_customer_intake_workflow,template_7
biz_kyc_kyb_onboarding_document_verification_document_review_case_management,template_14
biz_kyc_kyb_onboarding_company_registry_checks_business_registration_review,template_22
biz_kyc_kyb_onboarding_ubo_review_ubo_audit_trail,template_5
biz_kyc_kyb_onboarding_corporate_onboarding_corporate_intake_workflow,template_10
biz_kyc_kyb_onboarding_ubo_review_ubo_review_for_compliance_teams,template_13
biz_kyc_kyb_onboarding_risk_based_routing_edd_routing_workflow,template_24
biz_kyc_kyb_onboarding_ongoing_monitoring_ongoing_monitoring_for_compliance_teams,template_3
biz_kyc_kyb_onboarding_onboarding_audit_trail_onboarding_case_history,template_4
biz_kyc_kyb_onboarding_director_shareholder_review_director_screening,template_8
biz_kyc_kyb_onboarding_ongoing_monitoring_ongoing_kyb_monitoring,template_12
biz_kyc_kyb_onboarding_director_shareholder_review_director_shareholder_review_for_compliance_teams,template_15
biz_kyc_kyb_onboarding_document_verification_vasp_document_verification,template_20
biz_kyc_kyb_onboarding_identity_verification_identity_risk_scoring,template_9
biz_kyc_kyb_onboarding_company_registry_checks_exchange_company_checks,template_18
biz_kyc_kyb_onboarding_director_shareholder_review_management_risk_review,template_2
biz_kyc_kyb_onboarding_ubo_review_ubo_review,template_6
biz_kyc_kyb_onboarding_corporate_onboarding_counterparty_onboarding,template_11
biz_kyc_kyb_onboarding_customer_onboarding_crypto_customer_onboarding,template_16
biz_kyc_kyb_onboarding_risk_based_routing_onboarding_decision_rules,template_17
biz_kyc_kyb_onboarding_ubo_review_ubo_risk_review,template_19
biz_kyc_kyb_onboarding_ubo_review_vasp_ubo_review,template_21
biz_kyc_kyb_onboarding_ongoing_monitoring_ongoing_kyc_monitoring,template_23
biz_kyc_kyb_onboarding_corporate_onboarding_corporate_risk_review,template_1
biz_kyc_kyb_onboarding_director_shareholder_review_shareholder_screening,template_7
biz_kyc_kyb_onboarding_identity_verification_identity_verification_for_compliance_teams,template_14
biz_kyc_kyb_onboarding_customer_onboarding_customer_approval_workflow,template_22
biz_kyc_kyb_onboarding_risk_based_routing_manual_review_routing,template_5
biz_kyc_kyb_onboarding_onboarding_audit_trail_onboarding_compliance_defensibility,template_10
biz_kyc_kyb_onboarding_risk_based_routing_routing_audit_trail,template_13
biz_kyc_kyb_onboarding_company_registry_checks_registry_data_orchestration,template_24
biz_kyc_kyb_onboarding_ongoing_monitoring_corporate_change_monitoring,template_3
biz_kyc_kyb_onboarding_onboarding_audit_trail_onboarding_evidence_package,template_4
biz_kyc_kyb_onboarding_ubo_review_ubo_screening_workflow,template_8
biz_kyc_kyb_onboarding_corporate_onboarding_crypto_business_onboarding,template_12
biz_kyc_kyb_onboarding_ongoing_monitoring_risk_profile_updates,template_15
biz_kyc_kyb_onboarding_company_registry_checks_vasp_company_checks,template_20
biz_kyc_kyb_onboarding_director_shareholder_review_control_person_review,template_9
biz_kyc_kyb_onboarding_ubo_review_ubo_case_management,template_18
biz_kyc_kyb_onboarding_corporate_onboarding_vasp_corporate_onboarding,template_2
biz_kyc_kyb_onboarding_customer_onboarding_customer_onboarding_automation,template_6
biz_kyc_kyb_onboarding_onboarding_audit_trail_onboarding_audit_trail,template_11
biz_kyc_kyb_onboarding_corporate_onboarding_corporate_onboarding_automation,template_16
biz_kyc_kyb_onboarding_onboarding_audit_trail_kyc_audit_evidence,template_17
biz_kyc_kyb_onboarding_onboarding_audit_trail_onboarding_audit_preparation,template_19
biz_kyc_kyb_onboarding_customer_onboarding_customer_onboarding_for_compliance_teams,template_21
biz_kyc_kyb_onboarding_company_registry_checks_company_checks_for_compliance_teams,template_23
biz_kyc_kyb_onboarding_customer_onboarding_high_risk_customer_onboarding,template_1
biz_kyc_kyb_onboarding_ongoing_monitoring_sanctions_rescreening,template_7
biz_kyc_kyb_onboarding_customer_onboarding_customer_risk_review,template_14
biz_kyc_kyb_onboarding_risk_based_routing_low_risk_approval_routing,template_22
biz_aml_compliance_operations_compliance_review_aml_compliance_review,template_2
biz_aml_compliance_operations_audit_preparation_compliance_evidence_package,template_6
biz_aml_compliance_operations_sar_str_drafting_exchange_str_workflow,template_11
biz_aml_compliance_operations_adverse_media_adverse_media_case_review,template_23
biz_aml_compliance_operations_aml_case_escalation_case_escalation_audit_trail,template_13
biz_aml_compliance_operations_audit_preparation_regulatory_audit_preparation,template_5
biz_aml_compliance_operations_sar_str_drafting_str_drafting_for_crypto,template_10
biz_aml_compliance_operations_adverse_media_corporate_adverse_media,template_3
biz_aml_compliance_operations_enhanced_due_diligence_edd_case_management,template_4
biz_aml_compliance_operations_aml_case_escalation_high_risk_case_escalation,template_8
biz_aml_compliance_operations_sanctions_screening_payment_sanctions_screening,template_18
biz_aml_compliance_operations_audit_preparation_audit_ready_case_files,template_22
biz_aml_compliance_operations_internal_reporting_internal_reporting_audit_trail,template_1
biz_aml_compliance_operations_compliance_review_wallet_compliance_review,template_7
biz_aml_compliance_operations_regulatory_inspection_inspection_response_package,template_9
biz_aml_compliance_operations_compliance_review_transaction_compliance_review,template_12
biz_aml_compliance_operations_enhanced_due_diligence_source_of_funds_edd,template_15
biz_aml_compliance_operations_sanctions_screening_crypto_sanctions_screening,template_20
biz_aml_compliance_operations_sar_str_drafting_sar_evidence_package,template_14
biz_aml_compliance_operations_compliance_review_compliance_review_audit_trail,template_16
biz_aml_compliance_operations_sar_str_drafting_str_evidence_package,template_17
biz_aml_compliance_operations_audit_preparation_kyc_kyb_audit_prep,template_19
biz_aml_compliance_operations_aml_case_escalation_mlro_escalation_workflow,template_21
biz_aml_compliance_operations_adverse_media_director_adverse_media,template_24
biz_aml_compliance_operations_aml_case_escalation_suspicious_activity_escalation,template_2
biz_aml_compliance_operations_internal_reporting_board_compliance_reporting,template_6
biz_aml_compliance_operations_compliance_review_customer_compliance_review,template_11
biz_aml_compliance_operations_adverse_media_crypto_adverse_media_screening,template_23
biz_aml_compliance_operations_sanctions_screening_vasp_sanctions_screening,template_13
biz_aml_compliance_operations_sanctions_screening_sanctions_screening_audit_trail,template_5
biz_aml_compliance_operations_compliance_review_compliance_review_for_mlro,template_10
biz_aml_compliance_operations_compliance_review_compliance_review_notes,template_3
biz_aml_compliance_operations_aml_case_escalation_pep_escalation,template_4
biz_aml_compliance_operations_enhanced_due_diligence_exchange_edd,template_8
biz_aml_compliance_operations_internal_reporting_internal_reporting_automation,template_18
biz_aml_compliance_operations_internal_reporting_internal_risk_reports,template_22
biz_aml_compliance_operations_sar_str_drafting_vasp_sar_workflow,template_1
biz_aml_compliance_operations_pep_screening_corporate_pep_screening,template_7
biz_aml_compliance_operations_enhanced_due_diligence_corporate_edd,template_9
biz_aml_compliance_operations_adverse_media_vasp_adverse_media,template_12
biz_aml_compliance_operations_pep_screening_high_risk_pep_review,template_15
biz_aml_compliance_operations_audit_preparation_travel_rule_audit_prep,template_20
biz_aml_compliance_operations_sar_str_drafting_ai_assisted_sar_drafting,template_14
biz_aml_compliance_operations_regulatory_inspection_aml_inspection_preparation,template_16
biz_aml_compliance_operations_sar_str_drafting_sar_str_audit_trail,template_17
biz_aml_compliance_operations_adverse_media_ubo_adverse_media,template_19
biz_aml_compliance_operations_enhanced_due_diligence_edd_workflow,template_21
biz_aml_compliance_operations_adverse_media_adverse_media_workflow,template_24
biz_aml_compliance_operations_regulatory_inspection_inspection_case_history,template_2
biz_aml_compliance_operations_aml_case_escalation_case_escalation_rules,template_6
biz_aml_compliance_operations_aml_case_escalation_sanctions_escalation,template_11
biz_aml_compliance_operations_internal_reporting_compliance_kpi_reporting,template_23
biz_aml_compliance_operations_internal_reporting_risk_committee_reporting,template_13
biz_aml_compliance_operations_audit_preparation_audit_preparation_for_compliance_teams,template_5
biz_aml_compliance_operations_internal_reporting_management_compliance_reporting,template_10
biz_aml_compliance_operations_sanctions_screening_exchange_sanctions_screening,template_3
biz_aml_compliance_operations_internal_reporting_case_reporting_workflow,template_4
biz_aml_compliance_operations_audit_preparation_audit_gap_analysis,template_8
biz_aml_compliance_operations_enhanced_due_diligence_edd_audit_trail,template_18
biz_aml_compliance_operations_enhanced_due_diligence_high_risk_customer_edd,template_22
biz_aml_compliance_operations_sanctions_screening_wallet_sanctions_screening,template_1
biz_aml_compliance_operations_pep_screening_exchange_pep_screening,template_7
biz_aml_compliance_operations_sanctions_screening_customer_sanctions_screening,template_9
biz_aml_compliance_operations_regulatory_inspection_inspection_audit_trail,template_12
biz_aml_compliance_operations_pep_screening_director_pep_screening,template_15
biz_aml_compliance_operations_regulatory_inspection_inspection_evidence_management,template_20
biz_aml_compliance_operations_pep_screening_ubo_pep_screening,template_14
biz_aml_compliance_operations_audit_preparation_aml_audit_preparation,template_16
biz_aml_compliance_operations_sar_str_drafting_sar_case_summary,template_17
biz_aml_compliance_operations_pep_screening_pep_screening_workflow,template_19
biz_aml_compliance_operations_aml_case_escalation_case_escalation_for_compliance_teams,template_21
biz_aml_compliance_operations_pep_screening_crypto_pep_screening,template_24
biz_aml_compliance_operations_aml_case_escalation_edd_escalation,template_2
biz_aml_compliance_operations_adverse_media_exchange_adverse_media,template_6
biz_aml_compliance_operations_sar_str_drafting_sar_drafting_for_crypto,template_11
biz_aml_compliance_operations_compliance_review_compliance_review_case_management,template_23
biz_aml_compliance_operations_enhanced_due_diligence_crypto_enhanced_due_diligence,template_13
biz_aml_compliance_operations_audit_preparation_audit_logs_review,template_5
biz_aml_compliance_operations_adverse_media_adverse_media_alerts,template_10
biz_aml_compliance_operations_internal_reporting_aml_internal_reporting,template_3
biz_aml_compliance_operations_enhanced_due_diligence_vasp_edd,template_4
biz_aml_compliance_operations_regulatory_inspection_exchange_inspection_readiness,template_8
biz_aml_compliance_operations_adverse_media_adverse_media_audit_trail,template_18
biz_aml_compliance_operations_pep_screening_vasp_pep_screening,template_22
biz_aml_compliance_operations_regulatory_inspection_compliance_inspection_workflow,template_1
biz_aml_compliance_operations_compliance_review_high_risk_compliance_review,template_7
biz_aml_compliance_operations_aml_case_escalation_aml_case_escalation,template_9
biz_aml_compliance_operations_pep_screening_pep_rescreening,template_12
biz_aml_compliance_operations_regulatory_inspection_regulatory_inspection_readiness,template_15
biz_aml_compliance_operations_audit_preparation_kyt_audit_prep,template_20
biz_aml_compliance_operations_sanctions_screening_sanctions_list_rescreening,template_14
biz_aml_compliance_operations_sar_str_drafting_suspicious_activity_narrative,template_16
biz_aml_compliance_operations_sanctions_screening_counterparty_sanctions_screening,template_17
biz_aml_compliance_operations_internal_reporting_mlro_reporting_dashboard,template_19
biz_aml_compliance_operations_pep_screening_pep_audit_trail,template_21
biz_aml_compliance_operations_regulatory_inspection_vasp_inspection_readiness,template_24
biz_aml_compliance_operations_regulatory_inspection_regulator_request_response,template_2
biz_aml_compliance_operations_compliance_review_compliance_decision_workflow,template_6
biz_aml_compliance_operations_sanctions_screening_sanctions_screening_workflow,template_11
biz_aml_compliance_operations_enhanced_due_diligence_source_of_wealth_review,template_23
biz_provider_fragmentation_vendor_chaos_screening_vendor_chaos,template_3
biz_provider_fragmentation_manual_handoffs_handoff_automation,template_8
biz_provider_fragmentation_vendor_chaos_kyt_vendor_chaos,template_13
biz_provider_fragmentation_provider_output_normalization_travel_rule_status_normalization,template_18
biz_provider_fragmentation_unified_control_layer_unified_provider_control_layer,template_23
biz_provider_fragmentation_duplicate_reviews_duplicate_kyb_reviews,template_1
biz_provider_fragmentation_provider_output_normalization_provider_output_normalization,template_22
biz_provider_fragmentation_provider_output_normalization_screening_result_normalization,template_4
biz_provider_fragmentation_multiple_dashboards_travel_rule_dashboard_fragmentation,template_9
biz_provider_fragmentation_manual_handoffs_alert_to_case_handoffs,template_12
biz_provider_fragmentation_manual_handoffs_escalation_handoffs,template_5
biz_provider_fragmentation_duplicate_reviews_review_deduplication_workflow,template_10
biz_provider_fragmentation_duplicate_reviews_duplicate_kyt_reviews,template_14
biz_provider_fragmentation_unified_control_layer_unified_risk_control_layer,template_24
biz_provider_fragmentation_fragmented_risk_profile_fragmented_wallet_risk_profile,template_2
biz_provider_fragmentation_fragmented_risk_profile_fragmented_customer_risk_profile,template_6
biz_provider_fragmentation_multiple_dashboards_dashboard_consolidation,template_7
biz_provider_fragmentation_disconnected_checks_disconnected_compliance_checks,template_11
biz_provider_fragmentation_provider_output_normalization_provider_result_standardization,template_15
biz_provider_fragmentation_provider_output_normalization_kyc_output_normalization,template_16
biz_provider_fragmentation_fragmented_risk_profile_customer_360_risk_view,template_17
biz_provider_fragmentation_manual_handoffs_provider_output_handoffs,template_19
biz_provider_fragmentation_fragmented_risk_profile_fragmented_entity_risk_profile,template_20
biz_provider_fragmentation_fragmented_risk_profile_unified_risk_profile,template_21
biz_provider_fragmentation_provider_output_normalization_provider_output_to_decision,template_3
biz_provider_fragmentation_disconnected_checks_connected_compliance_checks,template_8
biz_provider_fragmentation_fragmented_risk_profile_fragmented_transaction_risk_profile,template_13
biz_provider_fragmentation_manual_handoffs_email_based_handoffs,template_18
biz_provider_fragmentation_policy_inconsistency_inconsistent_sanctions_escalation,template_23
biz_provider_fragmentation_multiple_dashboards_single_compliance_interface,template_1
biz_provider_fragmentation_data_silos_travel_rule_data_silos,template_22
biz_provider_fragmentation_unified_control_layer_unified_compliance_control_layer,template_4
biz_provider_fragmentation_unified_control_layer_unified_onboarding_control_layer,template_9
biz_provider_fragmentation_policy_inconsistency_inconsistent_travel_rule_handling,template_12
biz_provider_fragmentation_duplicate_reviews_duplicate_compliance_reviews,template_5
biz_provider_fragmentation_vendor_chaos_vendor_lock_in_risk,template_10
biz_provider_fragmentation_manual_handoffs_spreadsheet_handoffs,template_14
biz_provider_fragmentation_duplicate_reviews_repeated_manual_review,template_24
biz_provider_fragmentation_disconnected_checks_check_to_decision_gap,template_2
biz_provider_fragmentation_disconnected_checks_disconnected_kyb_checks,template_6
biz_provider_fragmentation_data_silos_kyb_data_silos,template_7
biz_provider_fragmentation_fragmented_risk_profile_entity_360_risk_view,template_11
biz_provider_fragmentation_vendor_chaos_vendor_neutral_compliance_layer,template_15
biz_provider_fragmentation_provider_output_normalization_kyb_output_normalization,template_16
biz_provider_fragmentation_policy_inconsistency_policy_inconsistency,template_17
biz_provider_fragmentation_duplicate_reviews_duplicate_alert_reviews,template_19
biz_provider_fragmentation_provider_output_normalization_kyt_score_normalization,template_20
biz_provider_fragmentation_vendor_chaos_compliance_vendor_chaos,template_21
biz_provider_fragmentation_data_silos_data_silo_integration,template_3
biz_provider_fragmentation_fragmented_risk_profile_fragmented_counterparty_risk_profile,template_8
biz_provider_fragmentation_policy_inconsistency_policy_to_workflow_gap,template_13
biz_provider_fragmentation_duplicate_reviews_duplicate_provider_checks,template_18
biz_provider_fragmentation_manual_handoffs_onboarding_to_monitoring_handoffs,template_23
biz_provider_fragmentation_manual_handoffs_kyc_to_kyt_handoffs,template_1
biz_provider_fragmentation_unified_control_layer_unified_monitoring_control_layer,template_22
biz_provider_fragmentation_unified_control_layer_unified_case_control_layer,template_4
biz_provider_fragmentation_data_silos_screening_data_silos,template_9
biz_provider_fragmentation_unified_control_layer_compliance_operating_layer,template_12
biz_provider_fragmentation_manual_handoffs_manual_compliance_handoffs,template_5
biz_provider_fragmentation_vendor_chaos_vendor_coordination_workflow,template_10
biz_provider_fragmentation_disconnected_checks_disconnected_evidence,template_14
biz_provider_fragmentation_manual_handoffs_manual_review_bottlenecks,template_24
biz_provider_fragmentation_fragmented_risk_profile_risk_profile_audit_trail,template_2
biz_provider_fragmentation_multiple_dashboards_kyt_dashboard_fragmentation,template_6
biz_provider_fragmentation_multiple_dashboards_alert_dashboard_overload,template_7
biz_provider_fragmentation_unified_control_layer_unified_audit_control_layer,template_11
biz_provider_fragmentation_unified_control_layer_unified_workflow_control_layer,template_15
biz_provider_fragmentation_vendor_chaos_vendor_switching_risk,template_16
biz_provider_fragmentation_policy_inconsistency_policy_execution_audit_trail,template_17
biz_provider_fragmentation_disconnected_checks_disconnected_screening_checks,template_19
biz_provider_fragmentation_data_silos_compliance_data_silos,template_20
biz_provider_fragmentation_duplicate_reviews_review_duplication_cost,template_21
biz_provider_fragmentation_data_silos_kyt_data_silos,template_3
biz_provider_fragmentation_vendor_chaos_too_many_compliance_vendors,template_8
biz_provider_fragmentation_policy_inconsistency_inconsistent_kyc_rules,template_13
biz_provider_fragmentation_disconnected_checks_disconnected_kyt_checks,template_18
biz_provider_fragmentation_disconnected_checks_disconnected_risk_signals,template_23
biz_provider_fragmentation_fragmented_risk_profile_fragmented_provider_signals,template_1
biz_provider_fragmentation_multiple_dashboards_kyc_dashboard_fragmentation,template_22
biz_provider_fragmentation_disconnected_checks_disconnected_travel_rule_checks,template_4
biz_provider_fragmentation_unified_control_layer_sfty_control_layer,template_9
biz_provider_fragmentation_data_silos_case_management_data_silos,template_12
biz_provider_fragmentation_policy_inconsistency_inconsistent_review_decisions,template_5
biz_provider_fragmentation_multiple_dashboards_multi_provider_dashboard_workflow,template_10
biz_provider_fragmentation_multiple_dashboards_dashboard_audit_gaps,template_14
biz_provider_fragmentation_vendor_chaos_travel_rule_vendor_chaos,template_24
biz_provider_fragmentation_policy_inconsistency_inconsistent_kyb_rules,template_2
biz_provider_fragmentation_duplicate_reviews_duplicate_kyc_reviews,template_6
biz_provider_fragmentation_disconnected_checks_disconnected_kyc_checks,template_7
biz_provider_fragmentation_policy_inconsistency_inconsistent_kyt_thresholds,template_11
biz_provider_fragmentation_data_silos_audit_evidence_silos,template_15
biz_provider_fragmentation_vendor_chaos_kyc_vendor_chaos,template_16
biz_provider_fragmentation_multiple_dashboards_compliance_dashboard_sprawl,template_17
biz_provider_fragmentation_multiple_dashboards_screening_dashboard_fragmentation,template_19
biz_provider_fragmentation_provider_output_normalization_normalized_compliance_evidence,template_20
biz_provider_fragmentation_data_silos_unified_compliance_data_layer,template_21
biz_provider_fragmentation_duplicate_reviews_duplicate_sanctions_reviews,template_3
biz_provider_fragmentation_provider_output_normalization_multi_provider_data_mapping,template_8
biz_provider_fragmentation_policy_inconsistency_consistent_compliance_rules,template_13
biz_provider_fragmentation_data_silos_kyc_data_silos,template_18
biz_provider_orchestration_identity_verification_identity_case_management_layer,template_4
biz_provider_orchestration_travel_rule_protocol_hub_sfty_travel_rule_workflow,template_9
biz_provider_orchestration_vendor_neutral_platform_sfty_vendor_neutral_control_layer,template_10
biz_provider_orchestration_travel_rule_provider_hub_multi_travel_rule_provider_workflow,template_24
biz_provider_orchestration_blockchain_analytics_case_management_case_audit_trail_layer,template_12
biz_provider_orchestration_multi_provider_kyt_kyt_workflow_orchestration,template_14
biz_provider_orchestration_vendor_neutral_platform_vendor_neutral_kyc_layer,template_5
biz_provider_orchestration_identity_verification_risk_based_routing,template_13
biz_provider_orchestration_travel_rule_provider_hub_travel_rule_provider_operating_layer,template_3
biz_provider_orchestration_kyt_provider_kyt_provider_orchestration,template_18
biz_provider_orchestration_identity_verification_provider_output_normalization,template_1
biz_provider_orchestration_blockchain_analytics_case_management_analytics_case_workflow,template_7
biz_provider_orchestration_travel_rule_protocol_hub_protocol_exception_handling,template_8
biz_provider_orchestration_multi_provider_kyt_kyt_case_management_layer,template_15
biz_provider_orchestration_blockchain_analytics_workflow_dashboard_workflow_layer,template_20
biz_provider_orchestration_kyt_provider_kyt_provider_case_management,template_22
biz_provider_orchestration_travel_rule_provider_hub_travel_rule_provider_decision_layer,template_2
biz_provider_orchestration_identity_verification_identity_verification_orchestration,template_6
biz_provider_orchestration_kyc_provider_kyc_provider_integration_layer,template_11
biz_provider_orchestration_travel_rule_provider_hub_travel_rule_provider_normalization,template_16
biz_provider_orchestration_vendor_neutral_platform_vendor_neutral_kyt_layer,template_17
biz_provider_orchestration_blockchain_analytics_case_management_case_management_layer,template_19
biz_provider_orchestration_vendor_neutral_platform_vendor_neutral_audit_trail,template_21
biz_provider_orchestration_vendor_neutral_platform_provider_independent_workflows,template_23
biz_provider_orchestration_identity_verification_screening_workflow_orchestration,template_4
biz_provider_orchestration_sanctions_adverse_media_pep_screening_workflow,template_9
biz_provider_orchestration_blockchain_analytics_workflow_operational_layer,template_10
biz_provider_orchestration_multi_provider_kyt_sfty_kyt_workflow,template_24
biz_provider_orchestration_travel_rule_protocol_hub_protocol_output_normalization,template_12
biz_provider_orchestration_travel_rule_provider_hub_travel_rule_provider_integration_layer,template_14
biz_provider_orchestration_multi_provider_kyt_kyt_dashboard_workflow_layer,template_5
biz_provider_orchestration_blockchain_analytics_workflow_case_management_layer,template_13
biz_provider_orchestration_travel_rule_protocol_hub_travel_rule_decision_layer,template_3
biz_provider_orchestration_blockchain_analytics_case_management_multi_provider_case_strategy,template_18
biz_provider_orchestration_travel_rule_provider_hub_travel_rule_provider_case_management,template_1
biz_provider_orchestration_kyt_provider_kyt_provider_normalization,template_7
biz_provider_orchestration_blockchain_analytics_workflow_risk_score_orchestration,template_8
biz_provider_orchestration_blockchain_analytics_case_management_sfty_analytics_case_workflow,template_15
biz_provider_orchestration_sanctions_adverse_media_screening_provider_output_layer,template_20
biz_provider_orchestration_kyc_provider_kyc_provider_operating_layer,template_22
biz_provider_orchestration_blockchain_analytics_case_management_dashboard_to_case_management,template_2
biz_provider_orchestration_identity_verification_onboarding_decision_layer,template_6
biz_provider_orchestration_multi_provider_kyt_kyt_audit_trail_layer,template_11
biz_provider_orchestration_travel_rule_provider_hub_travel_rule_provider_exception_handling,template_16
biz_provider_orchestration_travel_rule_provider_hub_travel_rule_provider_audit_trail,template_17
biz_provider_orchestration_kyt_provider_kyt_provider_decision_layer,template_19
biz_provider_orchestration_kyc_provider_kyc_provider_audit_trail,template_21
biz_provider_orchestration_identity_verification_onboarding_provider_workflow,template_23
biz_provider_orchestration_blockchain_analytics_case_management_risk_score_case_routing,template_4
biz_provider_orchestration_travel_rule_protocol_hub_protocol_case_management_layer,template_9
biz_provider_orchestration_kyt_provider_multi_kyt_provider_workflow,template_10
biz_provider_orchestration_vendor_neutral_platform_vendor_neutral_travel_rule_layer,template_24
biz_provider_orchestration_travel_rule_protocol_hub_risk_based_protocol_routing,template_12
biz_provider_orchestration_kyc_provider_kyc_provider_routing,template_14
biz_provider_orchestration_blockchain_analytics_workflow_audit_trail_layer,template_5
biz_provider_orchestration_travel_rule_protocol_hub_protocol_message_workflow,template_13
biz_provider_orchestration_kyc_provider_multi_kyc_provider_workflow,template_3
biz_provider_orchestration_blockchain_analytics_case_management_compliance_decision_layer,template_18
biz_provider_orchestration_kyc_provider_kyc_provider_normalization,template_1
biz_provider_orchestration_identity_verification_sfty_identity_workflow,template_7
biz_provider_orchestration_sanctions_adverse_media_screening_decision_layer,template_8
biz_provider_orchestration_multi_provider_kyt_kyt_operational_layer,template_15
biz_provider_orchestration_sanctions_adverse_media_screening_alert_routing,template_20
biz_provider_orchestration_kyc_provider_kyc_provider_fallback_workflow,template_22
biz_provider_orchestration_kyt_provider_kyt_provider_audit_trail,template_2
biz_provider_orchestration_blockchain_analytics_case_management_operational_case_layer,template_6
biz_provider_orchestration_kyt_provider_kyt_provider_risk_scores,template_11
biz_provider_orchestration_blockchain_analytics_workflow_workflow_orchestration,template_16
biz_provider_orchestration_sanctions_adverse_media_sfty_screening_workflow,template_17
biz_provider_orchestration_multi_provider_kyt_kyt_alert_workflow,template_19
biz_provider_orchestration_vendor_neutral_platform_provider_resilience_layer,template_21
biz_provider_orchestration_identity_verification_kyb_provider_orchestration,template_23
biz_provider_orchestration_blockchain_analytics_workflow_compliance_decision_layer,template_4
biz_provider_orchestration_kyc_provider_kyc_provider_case_management,template_9
biz_provider_orchestration_kyc_provider_kyc_provider_orchestration,template_10
biz_provider_orchestration_travel_rule_provider_hub_travel_rule_provider_hub,template_24
biz_provider_orchestration_vendor_neutral_platform_no_vendor_lock_in,template_12
biz_provider_orchestration_travel_rule_protocol_hub_travel_rule_protocol_orchestration,template_14
biz_provider_orchestration_vendor_neutral_platform_provider_switching_strategy,template_5
biz_provider_orchestration_travel_rule_protocol_hub_protocol_audit_trail_layer,template_13
biz_provider_orchestration_blockchain_analytics_case_management_alert_case_workflow,template_3
biz_provider_orchestration_kyt_provider_kyt_provider_integration_layer,template_18
biz_provider_orchestration_blockchain_analytics_workflow_multi_provider_analytics_strategy,template_1
biz_provider_orchestration_identity_verification_onboarding_audit_trail_layer,template_7
biz_provider_orchestration_sanctions_adverse_media_screening_case_management_layer,template_8
biz_provider_orchestration_multi_provider_kyt_multi_provider_kyt_strategy,template_15
biz_provider_orchestration_sanctions_adverse_media_screening_provider_orchestration,template_20
biz_provider_orchestration_vendor_neutral_platform_vendor_neutral_compliance_platform,template_22
biz_provider_orchestration_blockchain_analytics_workflow_sfty_workflow_layer,template_2
biz_provider_orchestration_multi_provider_kyt_kyt_compliance_decision_layer,template_6
biz_provider_orchestration_sanctions_adverse_media_sanctions_screening_workflow,template_11
biz_provider_orchestration_blockchain_analytics_workflow_alert_workflow,template_16
biz_provider_orchestration_multi_provider_kyt_kyt_risk_score_orchestration,template_17
biz_provider_orchestration_kyc_provider_kyc_provider_decision_layer,template_19
biz_provider_orchestration_sanctions_adverse_media_adverse_media_workflow,template_21
biz_provider_orchestration_kyt_provider_kyt_provider_operating_layer,template_23
biz_provider_orchestration_travel_rule_protocol_hub_travel_rule_reporting_workflow,template_4
biz_provider_orchestration_kyt_provider_kyt_provider_alert_routing,template_9
biz_provider_orchestration_travel_rule_provider_hub_travel_rule_provider_routing,template_10
biz_provider_orchestration_sanctions_adverse_media_screening_audit_trail_layer,template_24
biz_compliance_workflow_automation_assignment_escalation_escalation_audit_trail,template_5
biz_compliance_workflow_automation_workflow_standardization_alert_workflow_standardization,template_15
biz_compliance_workflow_automation_case_creation_entity_case_creation,template_20
biz_compliance_workflow_automation_decision_logs_compliance_decision_logs,template_14
biz_compliance_workflow_automation_workflow_standardization_escalation_workflow_standardization,template_10
biz_compliance_workflow_automation_management_dashboards_mlro_dashboard,template_13
biz_compliance_workflow_automation_case_creation_high_risk_case_creation,template_24
biz_compliance_workflow_automation_case_creation_sanctions_case_creation,template_9
biz_compliance_workflow_automation_case_summary_generation_str_summary_generation,template_4
biz_compliance_workflow_automation_risk_based_approval_onboarding_approval_workflow,template_3
biz_compliance_workflow_automation_assignment_escalation_role_based_assignment,template_8
biz_compliance_workflow_automation_risk_based_approval_transaction_approval_workflow,template_12
biz_compliance_workflow_automation_case_summary_generation_risk_summary_generation,template_18
biz_compliance_workflow_automation_rules_engine_policy_execution_rules,template_22
biz_compliance_workflow_automation_ai_assisted_review_ai_next_action_recommendations,template_1
biz_compliance_workflow_automation_evidence_collection_compliance_evidence_collection,template_7
biz_compliance_workflow_automation_ai_assisted_review_ai_review_audit_trail,template_2
biz_compliance_workflow_automation_case_creation_travel_rule_case_creation,template_6
biz_compliance_workflow_automation_evidence_collection_case_evidence_collection,template_11
biz_compliance_workflow_automation_rules_engine_aml_rules_engine,template_16
biz_compliance_workflow_automation_decision_logs_alert_decision_logs,template_17
biz_compliance_workflow_automation_management_dashboards_onboarding_dashboard,template_19
biz_compliance_workflow_automation_evidence_collection_kyc_evidence_collection,template_21
biz_compliance_workflow_automation_decision_logs_transaction_decision_logs,template_23
biz_compliance_workflow_automation_workflow_standardization_compliance_workflow_standardization,template_5
biz_compliance_workflow_automation_risk_based_approval_approval_audit_trail,template_15
biz_compliance_workflow_automation_risk_based_approval_high_risk_manual_review,template_20
biz_compliance_workflow_automation_risk_based_approval_approval_decision_logs,template_14
biz_compliance_workflow_automation_rules_engine_compliance_rules_engine,template_10
biz_compliance_workflow_automation_assignment_escalation_exception_escalation,template_13
biz_compliance_workflow_automation_management_dashboards_risk_operations_dashboard,template_24
biz_compliance_workflow_automation_decision_logs_case_decision_logs,template_9
biz_compliance_workflow_automation_assignment_escalation_high_risk_escalation,template_4
biz_compliance_workflow_automation_risk_based_approval_wallet_approval_workflow,template_3
biz_compliance_workflow_automation_case_creation_automatic_case_creation,template_8
biz_compliance_workflow_automation_case_creation_transaction_case_creation,template_12
biz_compliance_workflow_automation_management_dashboards_dashboard_reporting_layer,template_18
biz_compliance_workflow_automation_ai_assisted_review_ai_pattern_detection,template_22
biz_compliance_workflow_automation_assignment_escalation_alert_assignment_workflow,template_1
biz_compliance_workflow_automation_rules_engine_kyt_rules_engine,template_7
biz_compliance_workflow_automation_ai_assisted_review_ai_missing_data_detection,template_2
biz_compliance_workflow_automation_risk_based_approval_low_risk_auto_approval,template_6
biz_compliance_workflow_automation_ai_assisted_review_ai_compliance_review,template_11
biz_compliance_workflow_automation_evidence_collection_sanctions_evidence_collection,template_16
biz_compliance_workflow_automation_workflow_standardization_reporting_workflow_standardization,template_17
biz_compliance_workflow_automation_assignment_escalation_team_queue_routing,template_19
biz_compliance_workflow_automation_ai_assisted_review_ai_risk_explanation,template_21
biz_compliance_workflow_automation_evidence_collection_travel_rule_evidence_collection,template_23
biz_compliance_workflow_automation_case_summary_generation_summary_audit_trail,template_5
biz_compliance_workflow_automation_workflow_standardization_cross_team_workflow_standardization,template_15
biz_compliance_workflow_automation_evidence_collection_audit_evidence_collection,template_20
biz_compliance_workflow_automation_ai_assisted_review_ai_case_review,template_14
biz_compliance_workflow_automation_assignment_escalation_assignment_decision_logs,template_10
biz_compliance_workflow_automation_case_summary_generation_management_summary_generation,template_13
biz_compliance_workflow_automation_management_dashboards_audit_readiness_dashboard,template_24
biz_compliance_workflow_automation_management_dashboards_compliance_management_dashboard,template_9
biz_compliance_workflow_automation_workflow_standardization_onboarding_workflow_standardization,template_4
biz_compliance_workflow_automation_evidence_collection_evidence_package_builder,template_3
biz_compliance_workflow_automation_workflow_standardization_case_workflow_standardization,template_8
biz_compliance_workflow_automation_case_creation_alert_to_case_creation,template_12
biz_compliance_workflow_automation_decision_logs_policy_decision_logs,template_18
biz_compliance_workflow_automation_evidence_collection_kyt_evidence_collection,template_22
biz_compliance_workflow_automation_management_dashboards_case_management_dashboard,template_1
biz_compliance_workflow_automation_rules_engine_rules_engine_audit_trail,template_7
biz_compliance_workflow_automation_workflow_standardization_monitoring_workflow_standardization,template_2
biz_compliance_workflow_automation_case_summary_generation_case_summary_generation,template_6
biz_compliance_workflow_automation_management_dashboards_alert_management_dashboard,template_11
biz_compliance_workflow_automation_workflow_standardization_approval_workflow_standardization,template_16
biz_compliance_workflow_automation_workflow_standardization_standardized_audit_trail,template_17
biz_compliance_workflow_automation_case_creation_case_creation_audit_trail,template_19
biz_compliance_workflow_automation_risk_based_approval_risk_based_approval,template_21
biz_compliance_workflow_automation_management_dashboards_transaction_monitoring_dashboard,template_23
biz_compliance_workflow_automation_rules_engine_sanctions_rules_engine,template_5
biz_compliance_workflow_automation_decision_logs_audit_ready_decision_logs,template_15
biz_compliance_workflow_automation_rules_engine_kyb_rules_engine,template_20
biz_compliance_workflow_automation_case_creation_customer_case_creation,template_14
biz_compliance_workflow_automation_case_summary_generation_ai_case_memo_generation,template_10
biz_compliance_workflow_automation_case_creation_wallet_case_creation,template_13
biz_compliance_workflow_automation_ai_assisted_review_ai_analyst_support,template_24
biz_compliance_workflow_automation_case_summary_generation_investigation_summary_generation,template_9
biz_compliance_workflow_automation_case_summary_generation_evidence_summary_generation,template_4
biz_compliance_workflow_automation_rules_engine_travel_rule_rules_engine,template_3
biz_compliance_workflow_automation_ai_assisted_review_ai_alert_triage,template_8
biz_compliance_workflow_automation_decision_logs_wallet_decision_logs,template_12
biz_compliance_workflow_automation_decision_logs_approval_rejection_logs,template_18
biz_compliance_workflow_automation_risk_based_approval_entity_approval_rules,template_22
biz_compliance_workflow_automation_assignment_escalation_case_assignment_workflow,template_1
biz_compliance_workflow_automation_management_dashboards_executive_compliance_dashboard,template_7
biz_compliance_workflow_automation_evidence_collection_kyb_evidence_collection,template_2
biz_compliance_workflow_automation_evidence_collection_evidence_integrity_layer,template_6
biz_compliance_workflow_automation_case_summary_generation_alert_summary_generation,template_11
biz_compliance_workflow_automation_decision_logs_onboarding_decision_logs,template_16
biz_compliance_workflow_automation_rules_engine_risk_threshold_rules,template_17
biz_compliance_workflow_automation_case_summary_generation_sar_summary_generation,template_19
biz_compliance_workflow_automation_ai_assisted_review_ai_sar_str_drafting_support,template_21
biz_compliance_workflow_automation_assignment_escalation_sla_based_escalation,template_23
biz_compliance_workflow_automation_assignment_escalation_mlro_escalation,template_5
biz_compliance_workflow_automation_rules_engine_kyc_rules_engine,template_15
biz_compliance_workflow_automation_risk_based_approval_customer_approval_rules,template_20
biz_compliance_workflow_automation_decision_logs_human_review_logs,template_14
biz_executive_risk_control_regulatory_readiness_exchange_regulatory_readiness,template_2
biz_executive_risk_control_audit_defensibility_audit_defensibility_for_executives,template_6
biz_executive_risk_control_board_visibility_case_volume_visibility,template_11
biz_executive_risk_control_audit_defensibility_defensible_audit_trail,template_16
biz_executive_risk_control_enterprise_control_layer_enterprise_workflow_control_layer,template_19
biz_executive_risk_control_enterprise_control_layer_enterprise_risk_control_layer,template_21
biz_executive_risk_control_scaling_without_chaos_scaling_vasp_compliance,template_1
biz_executive_risk_control_audit_defensibility_defensible_escalation_records,template_12
biz_executive_risk_control_board_visibility_mlro_board_reporting,template_17
biz_executive_risk_control_governance_controls_provider_governance,template_22
biz_executive_risk_control_bank_due_diligence_bank_audit_evidence,template_3
biz_executive_risk_control_scaling_without_chaos_scaling_compliance_workflows,template_4
biz_executive_risk_control_operational_risk_operational_risk_controls,template_8
biz_executive_risk_control_audit_defensibility_defensible_risk_reviews,template_18
biz_executive_risk_control_regulatory_readiness_inspection_readiness,template_23
biz_executive_risk_control_audit_defensibility_audit_defensibility,template_5
biz_executive_risk_control_compliance_cost_control_provider_cost_visibility,template_7
biz_executive_risk_control_enterprise_control_layer_enterprise_case_control_layer,template_9
biz_executive_risk_control_operational_risk_alert_handling_risk,template_10
biz_executive_risk_control_governance_controls_risk_governance_controls,template_13
biz_executive_risk_control_regulatory_readiness_evidence_readiness,template_14
biz_executive_risk_control_audit_defensibility_defensible_provider_outputs,template_15
biz_executive_risk_control_bank_due_diligence_bank_risk_questionnaire_support,template_20
biz_executive_risk_control_bank_due_diligence_bank_due_diligence_for_executives,template_24
biz_executive_risk_control_compliance_cost_control_compliance_operations_efficiency,template_2
biz_executive_risk_control_governance_controls_escalation_governance,template_6
biz_executive_risk_control_governance_controls_governance_for_executives,template_11
biz_executive_risk_control_bank_due_diligence_crypto_business_bank_review,template_16
biz_executive_risk_control_regulatory_readiness_regulatory_readiness_for_executives,template_19
biz_executive_risk_control_operational_risk_reporting_risk,template_21
biz_executive_risk_control_bank_due_diligence_exchange_bank_due_diligence,template_1
biz_executive_risk_control_regulatory_readiness_vasp_regulatory_readiness,template_12
biz_executive_risk_control_enterprise_control_layer_enterprise_audit_control_layer,template_17
biz_executive_risk_control_operational_risk_compliance_operational_risk,template_22
biz_executive_risk_control_compliance_cost_control_compliance_cost_control,template_3
biz_executive_risk_control_risk_dashboard_onboarding_risk_dashboard,template_4
biz_executive_risk_control_bank_due_diligence_bank_readiness_dashboard,template_8
biz_executive_risk_control_risk_dashboard_kyt_risk_dashboard,template_18
biz_executive_risk_control_enterprise_control_layer_enterprise_monitoring_control_layer,template_23
biz_executive_risk_control_board_visibility_audit_readiness_visibility,template_5
biz_executive_risk_control_board_visibility_executive_compliance_visibility,template_7
biz_executive_risk_control_regulatory_readiness_regulator_request_readiness,template_9
biz_executive_risk_control_governance_controls_compliance_governance_controls,template_10
biz_executive_risk_control_risk_dashboard_case_risk_dashboard,template_13
biz_executive_risk_control_risk_dashboard_audit_readiness_dashboard,template_14
biz_executive_risk_control_compliance_cost_control_cost_of_false_positives,template_15
biz_executive_risk_control_audit_defensibility_audit_defensibility_dashboard,template_20
biz_executive_risk_control_board_visibility_board_visibility_for_vasps,template_24
biz_executive_risk_control_regulatory_readiness_regulatory_readiness,template_2
biz_executive_risk_control_board_visibility_board_compliance_visibility,template_6
biz_executive_risk_control_board_visibility_risk_exposure_visibility,template_11
biz_executive_risk_control_compliance_cost_control_compliance_cost_reduction,template_16
biz_executive_risk_control_governance_controls_aml_governance_controls,template_19
biz_executive_risk_control_risk_dashboard_compliance_risk_dashboard,template_21
biz_executive_risk_control_enterprise_control_layer_enterprise_onboarding_control_layer,template_1
biz_executive_risk_control_risk_dashboard_executive_risk_dashboard,template_12
biz_executive_risk_control_scaling_without_chaos_scaling_alert_operations,template_17
biz_executive_risk_control_governance_controls_role_based_governance,template_22
biz_executive_risk_control_enterprise_control_layer_sfty_enterprise_control_layer,template_3
biz_executive_risk_control_scaling_without_chaos_scaling_for_executives,template_4
biz_executive_risk_control_risk_dashboard_provider_risk_dashboard,template_8
biz_executive_risk_control_audit_defensibility_defensible_approval_decisions,template_18
biz_executive_risk_control_audit_defensibility_defensible_compliance_decisions,template_23
biz_executive_risk_control_compliance_cost_control_compliance_cost_dashboard,template_5
biz_executive_risk_control_governance_controls_audit_governance,template_7
biz_executive_risk_control_governance_controls_policy_governance_controls,template_9
biz_executive_risk_control_board_visibility_board_risk_visibility,template_10
biz_executive_risk_control_operational_risk_transaction_monitoring_risk,template_13
biz_executive_risk_control_compliance_cost_control_cost_control_for_executives,template_14
biz_executive_risk_control_enterprise_control_layer_enterprise_compliance_control_layer,template_15
biz_executive_risk_control_operational_risk_crypto_operational_risk,template_20
biz_executive_risk_control_scaling_without_chaos_scaling_compliance_without_chaos,template_24
biz_executive_risk_control_risk_dashboard_risk_dashboard_for_executives,template_2
biz_executive_risk_control_bank_due_diligence_compliance_evidence_for_banks,template_6
biz_executive_risk_control_operational_risk_manual_process_risk,template_11
biz_executive_risk_control_audit_defensibility_defensible_case_history,template_16
biz_executive_risk_control_compliance_cost_control_compliance_budget_control,template_19
biz_executive_risk_control_scaling_without_chaos_scaling_onboarding_operations,template_21
biz_executive_risk_control_bank_due_diligence_vasp_bank_due_diligence,template_1
biz_executive_risk_control_scaling_without_chaos_scaling_case_management,template_12
biz_executive_risk_control_board_visibility_board_level_risk_dashboard,template_17
biz_executive_risk_control_compliance_cost_control_compliance_team_costs,template_22
biz_executive_risk_control_bank_due_diligence_bank_due_diligence_prep,template_3
biz_executive_risk_control_operational_risk_provider_dependency_risk,template_4
biz_executive_risk_control_risk_dashboard_aml_risk_dashboard,template_8
biz_executive_risk_control_regulatory_readiness_policy_readiness,template_18
biz_executive_risk_control_bank_due_diligence_banking_partner_compliance_package,template_23
biz_executive_risk_control_enterprise_control_layer_enterprise_provider_control_layer,template_5
biz_executive_risk_control_scaling_without_chaos_scaling_transaction_monitoring,template_7
biz_executive_risk_control_risk_dashboard_board_risk_dashboard,template_9
biz_executive_risk_control_regulatory_readiness_reporting_readiness,template_10
biz_executive_risk_control_compliance_cost_control_manual_review_costs,template_13
biz_executive_risk_control_regulatory_readiness_crypto_regulatory_readiness,template_14
biz_executive_risk_control_board_visibility_compliance_kpi_visibility,template_15
biz_executive_risk_control_governance_controls_decision_governance,template_20
biz_executive_risk_control_operational_risk_onboarding_risk,template_24
biz_executive_risk_control_operational_risk_operational_risk_for_executives,template_2
biz_executive_risk_control_scaling_without_chaos_scaling_exchange_compliance,template_6
biz_executive_risk_control_scaling_without_chaos_growth_without_compliance_breakdown,template_11
biz_executive_risk_control_enterprise_control_layer_enterprise_reporting_control_layer,template_16
biz_jurisdiction_specific_compliance_fca_requirements_fca_travel_rule_readiness,template_16
biz_jurisdiction_specific_compliance_adgm_compliance_adgm_aml_controls,template_17
biz_jurisdiction_specific_compliance_cross_border_policy_cross_border_kyt_policy,template_19
biz_jurisdiction_specific_compliance_dfsa_compliance_dfsa_exchange_compliance,template_21
biz_jurisdiction_specific_compliance_hong_kong_vasp_hong_kong_kyt_workflow,template_2
biz_jurisdiction_specific_compliance_singapore_crypto_singapore_kyt_workflow,template_6
biz_jurisdiction_specific_compliance_dfsa_compliance_dfsa_kyc_kyb_workflow,template_11
biz_jurisdiction_specific_compliance_mica_readiness_mica_exchange_readiness,template_20
biz_jurisdiction_specific_compliance_adgm_compliance_adgm_exchange_compliance,template_22
biz_jurisdiction_specific_compliance_hong_kong_vasp_hong_kong_vasp_compliance,template_7
biz_jurisdiction_specific_compliance_hong_kong_vasp_hong_kong_travel_rule_readiness,template_1
biz_jurisdiction_specific_compliance_vara_compliance_vara_aml_controls,template_12
biz_jurisdiction_specific_compliance_vara_compliance_vara_provider_orchestration,template_3
biz_jurisdiction_specific_compliance_hong_kong_vasp_hong_kong_reporting_workflow,template_4
biz_jurisdiction_specific_compliance_fca_requirements_fca_aml_controls,template_5
biz_jurisdiction_specific_compliance_mica_readiness_mica_reporting_workflow,template_8
biz_jurisdiction_specific_compliance_mica_readiness_mica_kyc_kyb_workflow,template_9
biz_jurisdiction_specific_compliance_adgm_compliance_adgm_provider_orchestration,template_10
biz_jurisdiction_specific_compliance_fatf_travel_rule_fatf_travel_rule_evidence,template_13
biz_jurisdiction_specific_compliance_singapore_crypto_singapore_aml_controls,template_14
biz_jurisdiction_specific_compliance_cross_border_policy_cross_border_reporting_workflow,template_15
biz_jurisdiction_specific_compliance_mica_readiness_mica_aml_controls,template_18
biz_jurisdiction_specific_compliance_adgm_compliance_adgm_kyc_kyb_workflow,template_23
biz_jurisdiction_specific_compliance_mica_readiness_mica_provider_orchestration,template_24
biz_jurisdiction_specific_compliance_cross_border_policy_cross_border_kyc_kyb_policy,template_16
biz_jurisdiction_specific_compliance_mica_readiness_mica_audit_readiness,template_17
biz_jurisdiction_specific_compliance_cross_border_policy_cross_border_aml_controls,template_19
biz_jurisdiction_specific_compliance_fatf_travel_rule_fatf_originator_beneficiary_data,template_21
biz_jurisdiction_specific_compliance_hong_kong_vasp_hong_kong_exchange_compliance,template_2
biz_jurisdiction_specific_compliance_fca_requirements_fca_compliance_operating_layer,template_6
biz_jurisdiction_specific_compliance_fatf_travel_rule_fatf_vasp_obligations,template_11
biz_jurisdiction_specific_compliance_fatf_travel_rule_fatf_compliance_operating_layer,template_20
biz_jurisdiction_specific_compliance_adgm_compliance_adgm_audit_readiness,template_22
biz_jurisdiction_specific_compliance_fca_requirements_fca_provider_orchestration,template_7
biz_jurisdiction_specific_compliance_adgm_compliance_adgm_compliance_operating_layer,template_1
biz_jurisdiction_specific_compliance_hong_kong_vasp_hong_kong_audit_readiness,template_12
biz_jurisdiction_specific_compliance_mica_readiness_mica_travel_rule_readiness,template_3
biz_jurisdiction_specific_compliance_singapore_crypto_singapore_crypto_compliance,template_4
biz_jurisdiction_specific_compliance_mas_guidelines_mas_aml_controls,template_5
biz_jurisdiction_specific_compliance_singapore_crypto_singapore_exchange_compliance,template_8
biz_jurisdiction_specific_compliance_dfsa_compliance_dfsa_vasp_compliance,template_9
biz_jurisdiction_specific_compliance_adgm_compliance_adgm_travel_rule_readiness,template_10
biz_jurisdiction_specific_compliance_fca_requirements_fca_exchange_compliance,template_13
biz_jurisdiction_specific_compliance_dfsa_compliance_dfsa_compliance_operating_layer,template_14
biz_jurisdiction_specific_compliance_fca_requirements_fca_reporting_workflow,template_15
biz_jurisdiction_specific_compliance_fatf_travel_rule_fatf_casp_obligations,template_18
biz_jurisdiction_specific_compliance_singapore_crypto_singapore_kyc_kyb_workflow,template_23
biz_jurisdiction_specific_compliance_dfsa_compliance_dfsa_audit_readiness,template_24
biz_jurisdiction_specific_compliance_mas_guidelines_mas_audit_readiness,template_16
biz_jurisdiction_specific_compliance_mas_guidelines_mas_compliance_operating_layer,template_17
biz_jurisdiction_specific_compliance_singapore_crypto_singapore_reporting_workflow,template_19
biz_jurisdiction_specific_compliance_mas_guidelines_mas_crypto_compliance,template_21
biz_jurisdiction_specific_compliance_hong_kong_vasp_hong_kong_compliance_operating_layer,template_2
biz_jurisdiction_specific_compliance_cross_border_policy_cross_border_audit_readiness,template_6
biz_jurisdiction_specific_compliance_cross_border_policy_cross_border_provider_orchestration,template_11
biz_jurisdiction_specific_compliance_fatf_travel_rule_fatf_provider_orchestration,template_20
biz_jurisdiction_specific_compliance_dfsa_compliance_dfsa_kyt_workflow,template_22
biz_jurisdiction_specific_compliance_vara_compliance_vara_audit_readiness,template_7
biz_jurisdiction_specific_compliance_vara_compliance_vara_reporting_workflow,template_1
biz_jurisdiction_specific_compliance_hong_kong_vasp_hong_kong_aml_controls,template_12
biz_jurisdiction_specific_compliance_fatf_travel_rule_fatf_cross_border_transfers,template_3
biz_jurisdiction_specific_compliance_mas_guidelines_mas_exchange_compliance,template_4
biz_jurisdiction_specific_compliance_vara_compliance_vara_kyt_workflow,template_5
biz_jurisdiction_specific_compliance_mas_guidelines_mas_kyc_kyb_workflow,template_8
biz_jurisdiction_specific_compliance_mas_guidelines_mas_kyt_workflow,template_9
biz_jurisdiction_specific_compliance_mas_guidelines_mas_travel_rule_readiness,template_10
biz_jurisdiction_specific_compliance_adgm_compliance_adgm_reporting_workflow,template_13
biz_jurisdiction_specific_compliance_singapore_crypto_singapore_provider_orchestration,template_14
biz_jurisdiction_specific_compliance_fca_requirements_fca_crypto_compliance,template_15
biz_jurisdiction_specific_compliance_vara_compliance_vara_travel_rule_readiness,template_18
biz_jurisdiction_specific_compliance_singapore_crypto_singapore_audit_readiness,template_23
biz_jurisdiction_specific_compliance_cross_border_policy_cross_border_compliance_operating_layer,template_24
biz_jurisdiction_specific_compliance_vara_compliance_vara_exchange_compliance,template_16
biz_jurisdiction_specific_compliance_cross_border_policy_cross_border_compliance_policy,template_17
biz_jurisdiction_specific_compliance_vara_compliance_vara_vasp_compliance,template_19
biz_jurisdiction_specific_compliance_mica_readiness_mica_compliance_operating_layer,template_21
biz_jurisdiction_specific_compliance_vara_compliance_vara_compliance_operating_layer,template_2
biz_jurisdiction_specific_compliance_singapore_crypto_singapore_compliance_operating_layer,template_6
biz_jurisdiction_specific_compliance_mas_guidelines_mas_provider_orchestration,template_11
biz_jurisdiction_specific_compliance_cross_border_policy_cross_border_travel_rule_policy,template_20
biz_jurisdiction_specific_compliance_fatf_travel_rule_fatf_audit_readiness,template_22
biz_jurisdiction_specific_compliance_hong_kong_vasp_hong_kong_provider_orchestration,template_7
biz_jurisdiction_specific_compliance_mica_readiness_mica_casp_readiness,template_1
biz_jurisdiction_specific_compliance_fca_requirements_fca_kyt_workflow,template_12
biz_jurisdiction_specific_compliance_fca_requirements_fca_audit_readiness,template_3
biz_jurisdiction_specific_compliance_dfsa_compliance_dfsa_reporting_workflow,template_4
biz_jurisdiction_specific_compliance_fatf_travel_rule_fatf_travel_rule_readiness,template_5
biz_jurisdiction_specific_compliance_dfsa_compliance_dfsa_provider_orchestration,template_8
biz_jurisdiction_specific_compliance_cross_border_policy_multi_jurisdiction_compliance,template_9
biz_jurisdiction_specific_compliance_dfsa_compliance_dfsa_travel_rule_readiness,template_10
biz_jurisdiction_specific_compliance_fatf_travel_rule_fatf_travel_rule_workflow,template_13
biz_jurisdiction_specific_compliance_vara_compliance_vara_kyc_kyb_workflow,template_14
biz_jurisdiction_specific_compliance_fca_requirements_fca_kyc_kyb_workflow,template_15
biz_jurisdiction_specific_compliance_mas_guidelines_mas_reporting_workflow,template_18
biz_jurisdiction_specific_compliance_hong_kong_vasp_hong_kong_kyc_kyb_workflow,template_23
biz_jurisdiction_specific_compliance_adgm_compliance_adgm_kyt_workflow,template_24
biz_jurisdiction_specific_compliance_adgm_compliance_adgm_vasp_compliance,template_16
biz_jurisdiction_specific_compliance_singapore_crypto_singapore_travel_rule_readiness,template_17
biz_jurisdiction_specific_compliance_dfsa_compliance_dfsa_aml_controls,template_19
biz_jurisdiction_specific_compliance_mica_readiness_mica_kyt_workflow,template_21
biz_institutional_trust_enterprise_readiness_private_cloud_private_cloud_exchange_compliance,template_1
biz_institutional_trust_enterprise_readiness_role_based_access_access_audit_trail,template_7
biz_institutional_trust_enterprise_readiness_procurement_safe_model_deployment_options_review,template_12
biz_institutional_trust_enterprise_readiness_implementation_phases_case_management_rollout,template_15
biz_institutional_trust_enterprise_readiness_audit_logs_case_audit_logs,template_2
biz_institutional_trust_enterprise_readiness_private_cloud_private_cloud_audit_logs,template_6
biz_institutional_trust_enterprise_readiness_security_architecture_audit_security,template_11
biz_institutional_trust_enterprise_readiness_on_premise_deployment_on_premise_security_model,template_16
biz_institutional_trust_enterprise_readiness_private_cloud_private_cloud_scalability,template_17
biz_institutional_trust_enterprise_readiness_procurement_safe_model_procurement_due_diligence,template_21
biz_institutional_trust_enterprise_readiness_private_cloud_private_cloud_workflow_operations,template_22
biz_institutional_trust_enterprise_readiness_security_architecture_provider_security,template_19
biz_institutional_trust_enterprise_readiness_data_retention_kyc_data_retention,template_20
biz_institutional_trust_enterprise_readiness_implementation_phases_reporting_rollout,template_3
biz_institutional_trust_enterprise_readiness_implementation_phases_initial_provider_integration,template_4
biz_institutional_trust_enterprise_readiness_data_retention_case_data_retention,template_5
biz_institutional_trust_enterprise_readiness_enterprise_integration_core_system_integration,template_8
biz_institutional_trust_enterprise_readiness_data_retention_enterprise_retention_model,template_9
biz_institutional_trust_enterprise_readiness_security_architecture_access_security,template_10
biz_institutional_trust_enterprise_readiness_procurement_safe_model_implementation_risk_reduction,template_13
biz_institutional_trust_enterprise_readiness_data_retention_compliance_data_retention,template_14
biz_institutional_trust_enterprise_readiness_on_premise_deployment_on_premise_provider_integration,template_18
biz_institutional_trust_enterprise_readiness_procurement_safe_model_enterprise_buying_confidence,template_23
biz_institutional_trust_enterprise_readiness_procurement_safe_model_provider_neutral_procurement,template_24
biz_institutional_trust_enterprise_readiness_data_retention_kyt_data_retention,template_1
biz_institutional_trust_enterprise_readiness_security_architecture_integration_security,template_7
biz_institutional_trust_enterprise_readiness_audit_logs_audit_log_review,template_12
biz_institutional_trust_enterprise_readiness_implementation_phases_rules_configuration,template_15
biz_institutional_trust_enterprise_readiness_audit_logs_onboarding_audit_logs,template_2
biz_institutional_trust_enterprise_readiness_on_premise_deployment_on_premise_compliance_deployment,template_6
biz_institutional_trust_enterprise_readiness_role_based_access_case_access_control,template_11
biz_institutional_trust_enterprise_readiness_role_based_access_segregation_of_duties,template_16
biz_institutional_trust_enterprise_readiness_data_retention_data_minimization,template_17
biz_institutional_trust_enterprise_readiness_private_cloud_private_cloud_provider_integration,template_21
biz_institutional_trust_enterprise_readiness_implementation_phases_ai_assisted_review_rollout,template_22
biz_institutional_trust_enterprise_readiness_private_cloud_private_cloud_vasp_compliance,template_19
biz_institutional_trust_enterprise_readiness_audit_logs_decision_audit_logs,template_20
biz_institutional_trust_enterprise_readiness_role_based_access_access_review_workflow,template_3
biz_institutional_trust_enterprise_readiness_enterprise_integration_data_pipeline_integration,template_4
biz_institutional_trust_enterprise_readiness_on_premise_deployment_on_premise_workflow_control,template_5
biz_institutional_trust_enterprise_readiness_data_retention_travel_rule_data_retention,template_8
biz_institutional_trust_enterprise_readiness_implementation_phases_workflow_configuration,template_9
biz_institutional_trust_enterprise_readiness_evidence_integrity_case_evidence_integrity,template_10
biz_institutional_trust_enterprise_readiness_on_premise_deployment_on_premise_for_enterprises,template_13
biz_institutional_trust_enterprise_readiness_audit_logs_travel_rule_audit_logs,template_14
biz_institutional_trust_enterprise_readiness_private_cloud_private_cloud_enterprise_readiness,template_18
biz_institutional_trust_enterprise_readiness_role_based_access_provider_access_control,template_23
biz_institutional_trust_enterprise_readiness_security_architecture_data_protection_architecture,template_24
biz_institutional_trust_enterprise_readiness_evidence_integrity_provider_evidence_integrity,template_1
biz_institutional_trust_enterprise_readiness_audit_logs_compliance_audit_logs,template_7
biz_institutional_trust_enterprise_readiness_evidence_integrity_evidence_integrity_layer,template_12
biz_institutional_trust_enterprise_readiness_on_premise_deployment_on_premise_vasp_compliance,template_15
biz_institutional_trust_enterprise_readiness_security_architecture_enterprise_security_model,template_2
biz_institutional_trust_enterprise_readiness_audit_logs_enterprise_audit_logging,template_6
biz_institutional_trust_enterprise_readiness_security_architecture_workflow_security,template_11
biz_institutional_trust_enterprise_readiness_enterprise_integration_api_integration_layer,template_16
biz_institutional_trust_enterprise_readiness_implementation_phases_phased_compliance_implementation,template_17
biz_institutional_trust_enterprise_readiness_enterprise_integration_reporting_system_integration,template_21
biz_institutional_trust_enterprise_readiness_evidence_integrity_evidence_versioning,template_22
biz_institutional_trust_enterprise_readiness_evidence_integrity_enterprise_evidence_integrity,template_19
biz_institutional_trust_enterprise_readiness_enterprise_integration_case_management_integration,template_20
biz_institutional_trust_enterprise_readiness_on_premise_deployment_on_premise_data_control,template_3
biz_institutional_trust_enterprise_readiness_private_cloud_private_cloud_security_controls,template_4
biz_institutional_trust_enterprise_readiness_evidence_integrity_decision_evidence_integrity,template_5
biz_institutional_trust_enterprise_readiness_role_based_access_compliance_team_permissions,template_8
biz_institutional_trust_enterprise_readiness_private_cloud_private_cloud_compliance_deployment,template_9
biz_institutional_trust_enterprise_readiness_security_architecture_exchange_security_architecture,template_10
biz_institutional_trust_enterprise_readiness_enterprise_integration_onboarding_system_integration,template_13
biz_institutional_trust_enterprise_readiness_security_architecture_vasp_security_architecture,template_14
biz_institutional_trust_enterprise_readiness_enterprise_integration_enterprise_compliance_integration,template_18
biz_institutional_trust_enterprise_readiness_evidence_integrity_evidence_quality_control,template_23
biz_institutional_trust_enterprise_readiness_implementation_phases_implementation_roadmap,template_24
biz_institutional_trust_enterprise_readiness_procurement_safe_model_auditability_for_procurement,template_1
biz_institutional_trust_enterprise_readiness_audit_logs_kyt_audit_logs,template_7
biz_institutional_trust_enterprise_readiness_procurement_safe_model_procurement_safe_compliance_model,template_12
biz_institutional_trust_enterprise_readiness_role_based_access_approval_permissions,template_15
biz_institutional_trust_enterprise_readiness_private_cloud_private_cloud_data_isolation,template_2
biz_institutional_trust_enterprise_readiness_audit_logs_provider_output_logs,template_6
biz_institutional_trust_enterprise_readiness_evidence_integrity_tamper_resistant_records,template_11
biz_institutional_trust_enterprise_readiness_evidence_integrity_audit_evidence_integrity,template_16
biz_institutional_trust_enterprise_readiness_role_based_access_role_based_access_control,template_17
biz_institutional_trust_enterprise_readiness_on_premise_deployment_on_premise_exchange_compliance,template_21
biz_institutional_trust_enterprise_readiness_enterprise_integration_enterprise_integration_readiness,template_22
biz_institutional_trust_enterprise_readiness_procurement_safe_model_vendor_risk_review,template_19
biz_institutional_trust_enterprise_readiness_enterprise_integration_identity_access_integration,template_20
biz_institutional_trust_enterprise_readiness_role_based_access_mlro_access_control,template_3
biz_institutional_trust_enterprise_readiness_data_retention_kyb_data_retention,template_4
biz_institutional_trust_enterprise_readiness_enterprise_integration_provider_integration_layer,template_5
biz_institutional_trust_enterprise_readiness_audit_logs_user_activity_logs,template_8
biz_institutional_trust_enterprise_readiness_on_premise_deployment_on_premise_audit_trail,template_9
biz_institutional_trust_enterprise_readiness_implementation_phases_assessment_and_scope,template_10
biz_institutional_trust_enterprise_readiness_implementation_phases_expansion_phase,template_13
biz_institutional_trust_enterprise_readiness_role_based_access_audit_access_control,template_14
biz_institutional_trust_enterprise_readiness_security_architecture_compliance_security_architecture,template_18
biz_institutional_trust_enterprise_readiness_evidence_integrity_chain_of_evidence,template_23
biz_institutional_trust_enterprise_readiness_procurement_safe_model_security_review_package,template_24
biz_institutional_trust_enterprise_readiness_data_retention_evidence_retention,template_1
biz_institutional_trust_enterprise_readiness_data_retention_retention_policy_workflow,template_7
biz_institutional_trust_enterprise_readiness_procurement_safe_model_procurement_safe_sfty_model,template_12
biz_institutional_trust_enterprise_readiness_on_premise_deployment_on_premise_deployment_readiness,template_15